Boolean,1,DataType
SByte,2,DataType
Byte,3,DataType
Int16,4,DataType
UInt16,5,DataType
Int32,6,DataType
UInt32,7,DataType
Int64,8,DataType
UInt64,9,DataType
Float,10,DataType
Double,11,DataType
String,12,DataType
DateTime,13,DataType
Guid,14,DataType
ByteString,15,DataType
XmlElement,16,DataType
NodeId,17,DataType
ExpandedNodeId,18,DataType
StatusCode,19,DataType
QualifiedName,20,DataType
LocalizedText,21,DataType
Structure,22,DataType
DataValue,23,DataType
BaseDataType,24,DataType
DiagnosticInfo,25,DataType
Number,26,DataType
Integer,27,DataType
UInteger,28,DataType
Enumeration,29,DataType
Image,30,DataType
References,31,ReferenceType
NonHierarchicalReferences,32,ReferenceType
HierarchicalReferences,33,ReferenceType
HasChild,34,ReferenceType
Organizes,35,ReferenceType
HasEventSource,36,ReferenceType
HasModellingRule,37,ReferenceType
HasEncoding,38,ReferenceType
HasDescription,39,ReferenceType
HasTypeDefinition,40,ReferenceType
GeneratesEvent,41,ReferenceType
GeneratesAuditEvent,42,ReferenceType
Aggregates,44,ReferenceType
HasSubtype,45,ReferenceType
HasProperty,46,ReferenceType
HasComponent,47,ReferenceType
HasNotifier,48,ReferenceType
HasOrderedComponent,49,ReferenceType
HasModelParent,50,ReferenceType
FromState,51,ReferenceType
ToState,52,ReferenceType
HasCause,53,ReferenceType
HasEffect,54,ReferenceType
HasHistoricalConfiguration,56,ReferenceType
HasHistoricalEventConfiguration,57,ReferenceType
BaseObjectType,58,ObjectType
FolderType,61,ObjectType
BaseVariableType,62,VariableType
BaseDataVariableType,63,VariableType
PropertyType,68,VariableType
DataTypeDescriptionType,69,VariableType
DataTypeDictionaryType,72,VariableType
DataTypeSystemType,75,ObjectType
DataTypeEncodingType,76,ObjectType
ModellingRuleType,77,ObjectType
ModellingRule_Mandatory,78,Object
ModellingRule_MandatoryShared,79,Object
ModellingRule_Optional,80,Object
ModellingRule_CardinalityRestriction,82,Object
ModellingRule_ExposesItsArray,83,Object
RootFolder,84,Object
ObjectsFolder,85,Object
TypesFolder,86,Object
ViewsFolder,87,Object
ObjectTypesFolder,88,Object
VariableTypesFolder,89,Object
DataTypesFolder,90,Object
ReferenceTypesFolder,91,Object
XmlSchema_TypeSystem,92,Object
OPCBinarySchema_TypeSystem,93,Object
BaseObjectType_Icon,97,Variable
BaseObjectType_NodeVersion,98,Variable
BaseDataVariableType_Icon,99,Variable
BaseDataVariableType_NodeVersion,100,Variable
BaseDataVariableType_TimeZone,101,Variable
BaseDataVariableType_DaylightSavingTime,102,Variable
BaseDataVariableType_EnumStrings,103,Variable
DataTypeDescriptionType_DataTypeVersion,104,Variable
DataTypeDescriptionType_DictionaryFragment,105,Variable
DataTypeDictionaryType_DataTypeVersion,106,Variable
DataTypeDictionaryType_NamespaceUri,107,Variable
Structure_Encoding_DefaultXml,108,Object
Structure_Encoding_DefaultBinary,109,Object
ModellingRuleType_NamingRule,111,Variable
ModellingRule_Mandatory_NamingRule,112,Variable
ModellingRule_Optional_NamingRule,113,Variable
ModellingRule_ExposesItsArray_NamingRule,114,Variable
ModellingRule_CardinalityRestriction_NamingRule,115,Variable
ModellingRule_MandatoryShared_NamingRule,116,Variable
HasSubStateMachine,117,ReferenceType
HasEventHistory,118,ReferenceType
BaseDataVariableType_AllowNulls,119,Variable
NamingRuleType,120,DataType
IdType,256,DataType
NodeClass,257,DataType
Node,258,DataType
Node_Encoding_DefaultXml,259,Object
Node_Encoding_DefaultBinary,260,Object
ObjectNode,261,DataType
ObjectNode_Encoding_DefaultXml,262,Object
ObjectNode_Encoding_DefaultBinary,263,Object
ObjectTypeNode,264,DataType
ObjectTypeNode_Encoding_DefaultXml,265,Object
ObjectTypeNode_Encoding_DefaultBinary,266,Object
VariableNode,267,DataType
VariableNode_Encoding_DefaultXml,268,Object
VariableNode_Encoding_DefaultBinary,269,Object
VariableTypeNode,270,DataType
VariableTypeNode_Encoding_DefaultXml,271,Object
VariableTypeNode_Encoding_DefaultBinary,272,Object
ReferenceTypeNode,273,DataType
ReferenceTypeNode_Encoding_DefaultXml,274,Object
ReferenceTypeNode_Encoding_DefaultBinary,275,Object
MethodNode,276,DataType
MethodNode_Encoding_DefaultXml,277,Object
MethodNode_Encoding_DefaultBinary,278,Object
ViewNode,279,DataType
ViewNode_Encoding_DefaultXml,280,Object
ViewNode_Encoding_DefaultBinary,281,Object
DataTypeNode,282,DataType
DataTypeNode_Encoding_DefaultXml,283,Object
DataTypeNode_Encoding_DefaultBinary,284,Object
ReferenceNode,285,DataType
ReferenceNode_Encoding_DefaultXml,286,Object
ReferenceNode_Encoding_DefaultBinary,287,Object
IntegerId,288,DataType
Counter,289,DataType
Duration,290,DataType
NumericRange,291,DataType
Time,292,DataType
Date,293,DataType
UtcTime,294,DataType
LocaleId,295,DataType
Argument,296,DataType
Argument_Encoding_DefaultXml,297,Object
Argument_Encoding_DefaultBinary,298,Object
StatusResult,299,DataType
StatusResult_Encoding_DefaultXml,300,Object
StatusResult_Encoding_DefaultBinary,301,Object
MessageSecurityMode,302,DataType
UserTokenType,303,DataType
UserTokenPolicy,304,DataType
UserTokenPolicy_Encoding_DefaultXml,305,Object
UserTokenPolicy_Encoding_DefaultBinary,306,Object
ApplicationType,307,DataType
ApplicationDescription,308,DataType
ApplicationDescription_Encoding_DefaultXml,309,Object
ApplicationDescription_Encoding_DefaultBinary,310,Object
ApplicationInstanceCertificate,311,DataType
EndpointDescription,312,DataType
EndpointDescription_Encoding_DefaultXml,313,Object
EndpointDescription_Encoding_DefaultBinary,314,Object
SecurityTokenRequestType,315,DataType
UserIdentityToken,316,DataType
UserIdentityToken_Encoding_DefaultXml,317,Object
UserIdentityToken_Encoding_DefaultBinary,318,Object
AnonymousIdentityToken,319,DataType
AnonymousIdentityToken_Encoding_DefaultXml,320,Object
AnonymousIdentityToken_Encoding_DefaultBinary,321,Object
UserNameIdentityToken,322,DataType
UserNameIdentityToken_Encoding_DefaultXml,323,Object
UserNameIdentityToken_Encoding_DefaultBinary,324,Object
X509IdentityToken,325,DataType
X509IdentityToken_Encoding_DefaultXml,326,Object
X509IdentityToken_Encoding_DefaultBinary,327,Object
EndpointConfiguration,331,DataType
EndpointConfiguration_Encoding_DefaultXml,332,Object
EndpointConfiguration_Encoding_DefaultBinary,333,Object
ComplianceLevel,334,DataType
SupportedProfile,335,DataType
SupportedProfile_Encoding_DefaultXml,336,Object
SupportedProfile_Encoding_DefaultBinary,337,Object
BuildInfo,338,DataType
BuildInfo_Encoding_DefaultXml,339,Object
BuildInfo_Encoding_DefaultBinary,340,Object
SoftwareCertificate,341,DataType
SoftwareCertificate_Encoding_DefaultXml,342,Object
SoftwareCertificate_Encoding_DefaultBinary,343,Object
SignedSoftwareCertificate,344,DataType
SignedSoftwareCertificate_Encoding_DefaultXml,345,Object
SignedSoftwareCertificate_Encoding_DefaultBinary,346,Object
AttributeWriteMask,347,DataType
NodeAttributesMask,348,DataType
NodeAttributes,349,DataType
NodeAttributes_Encoding_DefaultXml,350,Object
NodeAttributes_Encoding_DefaultBinary,351,Object
ObjectAttributes,352,DataType
ObjectAttributes_Encoding_DefaultXml,353,Object
ObjectAttributes_Encoding_DefaultBinary,354,Object
VariableAttributes,355,DataType
VariableAttributes_Encoding_DefaultXml,356,Object
VariableAttributes_Encoding_DefaultBinary,357,Object
MethodAttributes,358,DataType
MethodAttributes_Encoding_DefaultXml,359,Object
MethodAttributes_Encoding_DefaultBinary,360,Object
ObjectTypeAttributes,361,DataType
ObjectTypeAttributes_Encoding_DefaultXml,362,Object
ObjectTypeAttributes_Encoding_DefaultBinary,363,Object
VariableTypeAttributes,364,DataType
VariableTypeAttributes_Encoding_DefaultXml,365,Object
VariableTypeAttributes_Encoding_DefaultBinary,366,Object
ReferenceTypeAttributes,367,DataType
ReferenceTypeAttributes_Encoding_DefaultXml,368,Object
ReferenceTypeAttributes_Encoding_DefaultBinary,369,Object
DataTypeAttributes,370,DataType
DataTypeAttributes_Encoding_DefaultXml,371,Object
DataTypeAttributes_Encoding_DefaultBinary,372,Object
ViewAttributes,373,DataType
ViewAttributes_Encoding_DefaultXml,374,Object
ViewAttributes_Encoding_DefaultBinary,375,Object
AddNodesItem,376,DataType
AddNodesItem_Encoding_DefaultXml,377,Object
AddNodesItem_Encoding_DefaultBinary,378,Object
AddReferencesItem,379,DataType
AddReferencesItem_Encoding_DefaultXml,380,Object
AddReferencesItem_Encoding_DefaultBinary,381,Object
DeleteNodesItem,382,DataType
DeleteNodesItem_Encoding_DefaultXml,383,Object
DeleteNodesItem_Encoding_DefaultBinary,384,Object
DeleteReferencesItem,385,DataType
DeleteReferencesItem_Encoding_DefaultXml,386,Object
DeleteReferencesItem_Encoding_DefaultBinary,387,Object
SessionAuthenticationToken,388,DataType
RequestHeader,389,DataType
RequestHeader_Encoding_DefaultXml,390,Object
RequestHeader_Encoding_DefaultBinary,391,Object
ResponseHeader,392,DataType
ResponseHeader_Encoding_DefaultXml,393,Object
ResponseHeader_Encoding_DefaultBinary,394,Object
ServiceFault,395,DataType
ServiceFault_Encoding_DefaultXml,396,Object
ServiceFault_Encoding_DefaultBinary,397,Object
EnumeratedTestType,398,DataType
ScalarTestType,399,DataType
ScalarTestType_Encoding_DefaultXml,400,Object
ScalarTestType_Encoding_DefaultBinary,401,Object
ArrayTestType,402,DataType
ArrayTestType_Encoding_DefaultXml,403,Object
ArrayTestType_Encoding_DefaultBinary,404,Object
CompositeTestType,405,DataType
CompositeTestType_Encoding_DefaultXml,406,Object
CompositeTestType_Encoding_DefaultBinary,407,Object
TestStackRequest,408,DataType
TestStackRequest_Encoding_DefaultXml,409,Object
TestStackRequest_Encoding_DefaultBinary,410,Object
TestStackResponse,411,DataType
TestStackResponse_Encoding_DefaultXml,412,Object
TestStackResponse_Encoding_DefaultBinary,413,Object
TestStackExRequest,414,DataType
TestStackExRequest_Encoding_DefaultXml,415,Object
TestStackExRequest_Encoding_DefaultBinary,416,Object
TestStackExResponse,417,DataType
TestStackExResponse_Encoding_DefaultXml,418,Object
TestStackExResponse_Encoding_DefaultBinary,419,Object
FindServersRequest,420,DataType
FindServersRequest_Encoding_DefaultXml,421,Object
FindServersRequest_Encoding_DefaultBinary,422,Object
FindServersResponse,423,DataType
FindServersResponse_Encoding_DefaultXml,424,Object
FindServersResponse_Encoding_DefaultBinary,425,Object
GetEndpointsRequest,426,DataType
GetEndpointsRequest_Encoding_DefaultXml,427,Object
GetEndpointsRequest_Encoding_DefaultBinary,428,Object
GetEndpointsResponse,429,DataType
GetEndpointsResponse_Encoding_DefaultXml,430,Object
GetEndpointsResponse_Encoding_DefaultBinary,431,Object
RegisteredServer,432,DataType
RegisteredServer_Encoding_DefaultXml,433,Object
RegisteredServer_Encoding_DefaultBinary,434,Object
RegisterServerRequest,435,DataType
RegisterServerRequest_Encoding_DefaultXml,436,Object
RegisterServerRequest_Encoding_DefaultBinary,437,Object
RegisterServerResponse,438,DataType
RegisterServerResponse_Encoding_DefaultXml,439,Object
RegisterServerResponse_Encoding_DefaultBinary,440,Object
ChannelSecurityToken,441,DataType
ChannelSecurityToken_Encoding_DefaultXml,442,Object
ChannelSecurityToken_Encoding_DefaultBinary,443,Object
OpenSecureChannelRequest,444,DataType
OpenSecureChannelRequest_Encoding_DefaultXml,445,Object
OpenSecureChannelRequest_Encoding_DefaultBinary,446,Object
OpenSecureChannelResponse,447,DataType
OpenSecureChannelResponse_Encoding_DefaultXml,448,Object
OpenSecureChannelResponse_Encoding_DefaultBinary,449,Object
CloseSecureChannelRequest,450,DataType
CloseSecureChannelRequest_Encoding_DefaultXml,451,Object
CloseSecureChannelRequest_Encoding_DefaultBinary,452,Object
CloseSecureChannelResponse,453,DataType
CloseSecureChannelResponse_Encoding_DefaultXml,454,Object
CloseSecureChannelResponse_Encoding_DefaultBinary,455,Object
SignatureData,456,DataType
SignatureData_Encoding_DefaultXml,457,Object
SignatureData_Encoding_DefaultBinary,458,Object
CreateSessionRequest,459,DataType
CreateSessionRequest_Encoding_DefaultXml,460,Object
CreateSessionRequest_Encoding_DefaultBinary,461,Object
CreateSessionResponse,462,DataType
CreateSessionResponse_Encoding_DefaultXml,463,Object
CreateSessionResponse_Encoding_DefaultBinary,464,Object
ActivateSessionRequest,465,DataType
ActivateSessionRequest_Encoding_DefaultXml,466,Object
ActivateSessionRequest_Encoding_DefaultBinary,467,Object
ActivateSessionResponse,468,DataType
ActivateSessionResponse_Encoding_DefaultXml,469,Object
ActivateSessionResponse_Encoding_DefaultBinary,470,Object
CloseSessionRequest,471,DataType
CloseSessionRequest_Encoding_DefaultXml,472,Object
CloseSessionRequest_Encoding_DefaultBinary,473,Object
CloseSessionResponse,474,DataType
CloseSessionResponse_Encoding_DefaultXml,475,Object
CloseSessionResponse_Encoding_DefaultBinary,476,Object
CancelRequest,477,DataType
CancelRequest_Encoding_DefaultXml,478,Object
CancelRequest_Encoding_DefaultBinary,479,Object
CancelResponse,480,DataType
CancelResponse_Encoding_DefaultXml,481,Object
CancelResponse_Encoding_DefaultBinary,482,Object
AddNodesResult,483,DataType
AddNodesResult_Encoding_DefaultXml,484,Object
AddNodesResult_Encoding_DefaultBinary,485,Object
AddNodesRequest,486,DataType
AddNodesRequest_Encoding_DefaultXml,487,Object
AddNodesRequest_Encoding_DefaultBinary,488,Object
AddNodesResponse,489,DataType
AddNodesResponse_Encoding_DefaultXml,490,Object
AddNodesResponse_Encoding_DefaultBinary,491,Object
AddReferencesRequest,492,DataType
AddReferencesRequest_Encoding_DefaultXml,493,Object
AddReferencesRequest_Encoding_DefaultBinary,494,Object
AddReferencesResponse,495,DataType
AddReferencesResponse_Encoding_DefaultXml,496,Object
AddReferencesResponse_Encoding_DefaultBinary,497,Object
DeleteNodesRequest,498,DataType
DeleteNodesRequest_Encoding_DefaultXml,499,Object
DeleteNodesRequest_Encoding_DefaultBinary,500,Object
DeleteNodesResponse,501,DataType
DeleteNodesResponse_Encoding_DefaultXml,502,Object
DeleteNodesResponse_Encoding_DefaultBinary,503,Object
DeleteReferencesRequest,504,DataType
DeleteReferencesRequest_Encoding_DefaultXml,505,Object
DeleteReferencesRequest_Encoding_DefaultBinary,506,Object
DeleteReferencesResponse,507,DataType
DeleteReferencesResponse_Encoding_DefaultXml,508,Object
DeleteReferencesResponse_Encoding_DefaultBinary,509,Object
BrowseDirection,510,DataType
ViewDescription,511,DataType
ViewDescription_Encoding_DefaultXml,512,Object
ViewDescription_Encoding_DefaultBinary,513,Object
BrowseDescription,514,DataType
BrowseDescription_Encoding_DefaultXml,515,Object
BrowseDescription_Encoding_DefaultBinary,516,Object
BrowseResultMask,517,DataType
ReferenceDescription,518,DataType
ReferenceDescription_Encoding_DefaultXml,519,Object
ReferenceDescription_Encoding_DefaultBinary,520,Object
ContinuationPoint,521,DataType
BrowseResult,522,DataType
BrowseResult_Encoding_DefaultXml,523,Object
BrowseResult_Encoding_DefaultBinary,524,Object
BrowseRequest,525,DataType
BrowseRequest_Encoding_DefaultXml,526,Object
BrowseRequest_Encoding_DefaultBinary,527,Object
BrowseResponse,528,DataType
BrowseResponse_Encoding_DefaultXml,529,Object
BrowseResponse_Encoding_DefaultBinary,530,Object
BrowseNextRequest,531,DataType
BrowseNextRequest_Encoding_DefaultXml,532,Object
BrowseNextRequest_Encoding_DefaultBinary,533,Object
BrowseNextResponse,534,DataType
BrowseNextResponse_Encoding_DefaultXml,535,Object
BrowseNextResponse_Encoding_DefaultBinary,536,Object
RelativePathElement,537,DataType
RelativePathElement_Encoding_DefaultXml,538,Object
RelativePathElement_Encoding_DefaultBinary,539,Object
RelativePath,540,DataType
RelativePath_Encoding_DefaultXml,541,Object
RelativePath_Encoding_DefaultBinary,542,Object
BrowsePath,543,DataType
BrowsePath_Encoding_DefaultXml,544,Object
BrowsePath_Encoding_DefaultBinary,545,Object
BrowsePathTarget,546,DataType
BrowsePathTarget_Encoding_DefaultXml,547,Object
BrowsePathTarget_Encoding_DefaultBinary,548,Object
BrowsePathResult,549,DataType
BrowsePathResult_Encoding_DefaultXml,550,Object
BrowsePathResult_Encoding_DefaultBinary,551,Object
TranslateBrowsePathsToNodeIdsRequest,552,DataType
TranslateBrowsePathsToNodeIdsRequest_Encoding_DefaultXml,553,Object
TranslateBrowsePathsToNodeIdsRequest_Encoding_DefaultBinary,554,Object
TranslateBrowsePathsToNodeIdsResponse,555,DataType
TranslateBrowsePathsToNodeIdsResponse_Encoding_DefaultXml,556,Object
TranslateBrowsePathsToNodeIdsResponse_Encoding_DefaultBinary,557,Object
RegisterNodesRequest,558,DataType
RegisterNodesRequest_Encoding_DefaultXml,559,Object
RegisterNodesRequest_Encoding_DefaultBinary,560,Object
RegisterNodesResponse,561,DataType
RegisterNodesResponse_Encoding_DefaultXml,562,Object
RegisterNodesResponse_Encoding_DefaultBinary,563,Object
UnregisterNodesRequest,564,DataType
UnregisterNodesRequest_Encoding_DefaultXml,565,Object
UnregisterNodesRequest_Encoding_DefaultBinary,566,Object
UnregisterNodesResponse,567,DataType
UnregisterNodesResponse_Encoding_DefaultXml,568,Object
UnregisterNodesResponse_Encoding_DefaultBinary,569,Object
QueryDataDescription,570,DataType
QueryDataDescription_Encoding_DefaultXml,571,Object
QueryDataDescription_Encoding_DefaultBinary,572,Object
NodeTypeDescription,573,DataType
NodeTypeDescription_Encoding_DefaultXml,574,Object
NodeTypeDescription_Encoding_DefaultBinary,575,Object
FilterOperator,576,DataType
QueryDataSet,577,DataType
QueryDataSet_Encoding_DefaultXml,578,Object
QueryDataSet_Encoding_DefaultBinary,579,Object
NodeReference,580,DataType
NodeReference_Encoding_DefaultXml,581,Object
NodeReference_Encoding_DefaultBinary,582,Object
ContentFilterElement,583,DataType
ContentFilterElement_Encoding_DefaultXml,584,Object
ContentFilterElement_Encoding_DefaultBinary,585,Object
ContentFilter,586,DataType
ContentFilter_Encoding_DefaultXml,587,Object
ContentFilter_Encoding_DefaultBinary,588,Object
FilterOperand,589,DataType
FilterOperand_Encoding_DefaultXml,590,Object
FilterOperand_Encoding_DefaultBinary,591,Object
ElementOperand,592,DataType
ElementOperand_Encoding_DefaultXml,593,Object
ElementOperand_Encoding_DefaultBinary,594,Object
LiteralOperand,595,DataType
LiteralOperand_Encoding_DefaultXml,596,Object
LiteralOperand_Encoding_DefaultBinary,597,Object
AttributeOperand,598,DataType
AttributeOperand_Encoding_DefaultXml,599,Object
AttributeOperand_Encoding_DefaultBinary,600,Object
SimpleAttributeOperand,601,DataType
SimpleAttributeOperand_Encoding_DefaultXml,602,Object
SimpleAttributeOperand_Encoding_DefaultBinary,603,Object
ContentFilterElementResult,604,DataType
ContentFilterElementResult_Encoding_DefaultXml,605,Object
ContentFilterElementResult_Encoding_DefaultBinary,606,Object
ContentFilterResult,607,DataType
ContentFilterResult_Encoding_DefaultXml,608,Object
ContentFilterResult_Encoding_DefaultBinary,609,Object
ParsingResult,610,DataType
ParsingResult_Encoding_DefaultXml,611,Object
ParsingResult_Encoding_DefaultBinary,612,Object
QueryFirstRequest,613,DataType
QueryFirstRequest_Encoding_DefaultXml,614,Object
QueryFirstRequest_Encoding_DefaultBinary,615,Object
QueryFirstResponse,616,DataType
QueryFirstResponse_Encoding_DefaultXml,617,Object
QueryFirstResponse_Encoding_DefaultBinary,618,Object
QueryNextRequest,619,DataType
QueryNextRequest_Encoding_DefaultXml,620,Object
QueryNextRequest_Encoding_DefaultBinary,621,Object
QueryNextResponse,622,DataType
QueryNextResponse_Encoding_DefaultXml,623,Object
QueryNextResponse_Encoding_DefaultBinary,624,Object
TimestampsToReturn,625,DataType
ReadValueId,626,DataType
ReadValueId_Encoding_DefaultXml,627,Object
ReadValueId_Encoding_DefaultBinary,628,Object
ReadRequest,629,DataType
ReadRequest_Encoding_DefaultXml,630,Object
ReadRequest_Encoding_DefaultBinary,631,Object
ReadResponse,632,DataType
ReadResponse_Encoding_DefaultXml,633,Object
ReadResponse_Encoding_DefaultBinary,634,Object
HistoryReadValueId,635,DataType
HistoryReadValueId_Encoding_DefaultXml,636,Object
HistoryReadValueId_Encoding_DefaultBinary,637,Object
HistoryReadResult,638,DataType
HistoryReadResult_Encoding_DefaultXml,639,Object
HistoryReadResult_Encoding_DefaultBinary,640,Object
HistoryReadDetails,641,DataType
HistoryReadDetails_Encoding_DefaultXml,642,Object
HistoryReadDetails_Encoding_DefaultBinary,643,Object
ReadEventDetails,644,DataType
ReadEventDetails_Encoding_DefaultXml,645,Object
ReadEventDetails_Encoding_DefaultBinary,646,Object
ReadRawModifiedDetails,647,DataType
ReadRawModifiedDetails_Encoding_DefaultXml,648,Object
ReadRawModifiedDetails_Encoding_DefaultBinary,649,Object
ReadProcessedDetails,650,DataType
ReadProcessedDetails_Encoding_DefaultXml,651,Object
ReadProcessedDetails_Encoding_DefaultBinary,652,Object
ReadAtTimeDetails,653,DataType
ReadAtTimeDetails_Encoding_DefaultXml,654,Object
ReadAtTimeDetails_Encoding_DefaultBinary,655,Object
HistoryData,656,DataType
HistoryData_Encoding_DefaultXml,657,Object
HistoryData_Encoding_DefaultBinary,658,Object
HistoryEvent,659,DataType
HistoryEvent_Encoding_DefaultXml,660,Object
HistoryEvent_Encoding_DefaultBinary,661,Object
HistoryReadRequest,662,DataType
HistoryReadRequest_Encoding_DefaultXml,663,Object
HistoryReadRequest_Encoding_DefaultBinary,664,Object
HistoryReadResponse,665,DataType
HistoryReadResponse_Encoding_DefaultXml,666,Object
HistoryReadResponse_Encoding_DefaultBinary,667,Object
WriteValue,668,DataType
WriteValue_Encoding_DefaultXml,669,Object
WriteValue_Encoding_DefaultBinary,670,Object
WriteRequest,671,DataType
WriteRequest_Encoding_DefaultXml,672,Object
WriteRequest_Encoding_DefaultBinary,673,Object
WriteResponse,674,DataType
WriteResponse_Encoding_DefaultXml,675,Object
WriteResponse_Encoding_DefaultBinary,676,Object
HistoryUpdateDetails,677,DataType
HistoryUpdateDetails_Encoding_DefaultXml,678,Object
HistoryUpdateDetails_Encoding_DefaultBinary,679,Object
UpdateDataDetails,680,DataType
UpdateDataDetails_Encoding_DefaultXml,681,Object
UpdateDataDetails_Encoding_DefaultBinary,682,Object
UpdateEventDetails,683,DataType
UpdateEventDetails_Encoding_DefaultXml,684,Object
UpdateEventDetails_Encoding_DefaultBinary,685,Object
DeleteRawModifiedDetails,686,DataType
DeleteRawModifiedDetails_Encoding_DefaultXml,687,Object
DeleteRawModifiedDetails_Encoding_DefaultBinary,688,Object
DeleteAtTimeDetails,689,DataType
DeleteAtTimeDetails_Encoding_DefaultXml,690,Object
DeleteAtTimeDetails_Encoding_DefaultBinary,691,Object
DeleteEventDetails,692,DataType
DeleteEventDetails_Encoding_DefaultXml,693,Object
DeleteEventDetails_Encoding_DefaultBinary,694,Object
HistoryUpdateResult,695,DataType
HistoryUpdateResult_Encoding_DefaultXml,696,Object
HistoryUpdateResult_Encoding_DefaultBinary,697,Object
HistoryUpdateRequest,698,DataType
HistoryUpdateRequest_Encoding_DefaultXml,699,Object
HistoryUpdateRequest_Encoding_DefaultBinary,700,Object
HistoryUpdateResponse,701,DataType
HistoryUpdateResponse_Encoding_DefaultXml,702,Object
HistoryUpdateResponse_Encoding_DefaultBinary,703,Object
CallMethodRequest,704,DataType
CallMethodRequest_Encoding_DefaultXml,705,Object
CallMethodRequest_Encoding_DefaultBinary,706,Object
CallMethodResult,707,DataType
CallMethodResult_Encoding_DefaultXml,708,Object
CallMethodResult_Encoding_DefaultBinary,709,Object
CallRequest,710,DataType
CallRequest_Encoding_DefaultXml,711,Object
CallRequest_Encoding_DefaultBinary,712,Object
CallResponse,713,DataType
CallResponse_Encoding_DefaultXml,714,Object
CallResponse_Encoding_DefaultBinary,715,Object
MonitoringMode,716,DataType
DataChangeTrigger,717,DataType
DeadbandType,718,DataType
MonitoringFilter,719,DataType
MonitoringFilter_Encoding_DefaultXml,720,Object
MonitoringFilter_Encoding_DefaultBinary,721,Object
DataChangeFilter,722,DataType
DataChangeFilter_Encoding_DefaultXml,723,Object
DataChangeFilter_Encoding_DefaultBinary,724,Object
EventFilter,725,DataType
EventFilter_Encoding_DefaultXml,726,Object
EventFilter_Encoding_DefaultBinary,727,Object
AggregateFilter,728,DataType
AggregateFilter_Encoding_DefaultXml,729,Object
AggregateFilter_Encoding_DefaultBinary,730,Object
MonitoringFilterResult,731,DataType
MonitoringFilterResult_Encoding_DefaultXml,732,Object
MonitoringFilterResult_Encoding_DefaultBinary,733,Object
EventFilterResult,734,DataType
EventFilterResult_Encoding_DefaultXml,735,Object
EventFilterResult_Encoding_DefaultBinary,736,Object
AggregateFilterResult,737,DataType
AggregateFilterResult_Encoding_DefaultXml,738,Object
AggregateFilterResult_Encoding_DefaultBinary,739,Object
MonitoringParameters,740,DataType
MonitoringParameters_Encoding_DefaultXml,741,Object
MonitoringParameters_Encoding_DefaultBinary,742,Object
MonitoredItemCreateRequest,743,DataType
MonitoredItemCreateRequest_Encoding_DefaultXml,744,Object
MonitoredItemCreateRequest_Encoding_DefaultBinary,745,Object
MonitoredItemCreateResult,746,DataType
MonitoredItemCreateResult_Encoding_DefaultXml,747,Object
MonitoredItemCreateResult_Encoding_DefaultBinary,748,Object
CreateMonitoredItemsRequest,749,DataType
CreateMonitoredItemsRequest_Encoding_DefaultXml,750,Object
CreateMonitoredItemsRequest_Encoding_DefaultBinary,751,Object
CreateMonitoredItemsResponse,752,DataType
CreateMonitoredItemsResponse_Encoding_DefaultXml,753,Object
CreateMonitoredItemsResponse_Encoding_DefaultBinary,754,Object
MonitoredItemModifyRequest,755,DataType
MonitoredItemModifyRequest_Encoding_DefaultXml,756,Object
MonitoredItemModifyRequest_Encoding_DefaultBinary,757,Object
MonitoredItemModifyResult,758,DataType
MonitoredItemModifyResult_Encoding_DefaultXml,759,Object
MonitoredItemModifyResult_Encoding_DefaultBinary,760,Object
ModifyMonitoredItemsRequest,761,DataType
ModifyMonitoredItemsRequest_Encoding_DefaultXml,762,Object
ModifyMonitoredItemsRequest_Encoding_DefaultBinary,763,Object
ModifyMonitoredItemsResponse,764,DataType
ModifyMonitoredItemsResponse_Encoding_DefaultXml,765,Object
ModifyMonitoredItemsResponse_Encoding_DefaultBinary,766,Object
SetMonitoringModeRequest,767,DataType
SetMonitoringModeRequest_Encoding_DefaultXml,768,Object
SetMonitoringModeRequest_Encoding_DefaultBinary,769,Object
SetMonitoringModeResponse,770,DataType
SetMonitoringModeResponse_Encoding_DefaultXml,771,Object
SetMonitoringModeResponse_Encoding_DefaultBinary,772,Object
SetTriggeringRequest,773,DataType
SetTriggeringRequest_Encoding_DefaultXml,774,Object
SetTriggeringRequest_Encoding_DefaultBinary,775,Object
SetTriggeringResponse,776,DataType
SetTriggeringResponse_Encoding_DefaultXml,777,Object
SetTriggeringResponse_Encoding_DefaultBinary,778,Object
DeleteMonitoredItemsRequest,779,DataType
DeleteMonitoredItemsRequest_Encoding_DefaultXml,780,Object
DeleteMonitoredItemsRequest_Encoding_DefaultBinary,781,Object
DeleteMonitoredItemsResponse,782,DataType
DeleteMonitoredItemsResponse_Encoding_DefaultXml,783,Object
DeleteMonitoredItemsResponse_Encoding_DefaultBinary,784,Object
CreateSubscriptionRequest,785,DataType
CreateSubscriptionRequest_Encoding_DefaultXml,786,Object
CreateSubscriptionRequest_Encoding_DefaultBinary,787,Object
CreateSubscriptionResponse,788,DataType
CreateSubscriptionResponse_Encoding_DefaultXml,789,Object
CreateSubscriptionResponse_Encoding_DefaultBinary,790,Object
ModifySubscriptionRequest,791,DataType
ModifySubscriptionRequest_Encoding_DefaultXml,792,Object
ModifySubscriptionRequest_Encoding_DefaultBinary,793,Object
ModifySubscriptionResponse,794,DataType
ModifySubscriptionResponse_Encoding_DefaultXml,795,Object
ModifySubscriptionResponse_Encoding_DefaultBinary,796,Object
SetPublishingModeRequest,797,DataType
SetPublishingModeRequest_Encoding_DefaultXml,798,Object
SetPublishingModeRequest_Encoding_DefaultBinary,799,Object
SetPublishingModeResponse,800,DataType
SetPublishingModeResponse_Encoding_DefaultXml,801,Object
SetPublishingModeResponse_Encoding_DefaultBinary,802,Object
NotificationMessage,803,DataType
NotificationMessage_Encoding_DefaultXml,804,Object
NotificationMessage_Encoding_DefaultBinary,805,Object
MonitoredItemNotification,806,DataType
MonitoredItemNotification_Encoding_DefaultXml,807,Object
MonitoredItemNotification_Encoding_DefaultBinary,808,Object
DataChangeNotification,809,DataType
DataChangeNotification_Encoding_DefaultXml,810,Object
DataChangeNotification_Encoding_DefaultBinary,811,Object
StatusChangeNotification,818,DataType
StatusChangeNotification_Encoding_DefaultXml,819,Object
StatusChangeNotification_Encoding_DefaultBinary,820,Object
SubscriptionAcknowledgement,821,DataType
SubscriptionAcknowledgement_Encoding_DefaultXml,822,Object
SubscriptionAcknowledgement_Encoding_DefaultBinary,823,Object
PublishRequest,824,DataType
PublishRequest_Encoding_DefaultXml,825,Object
PublishRequest_Encoding_DefaultBinary,826,Object
PublishResponse,827,DataType
PublishResponse_Encoding_DefaultXml,828,Object
PublishResponse_Encoding_DefaultBinary,829,Object
RepublishRequest,830,DataType
RepublishRequest_Encoding_DefaultXml,831,Object
RepublishRequest_Encoding_DefaultBinary,832,Object
RepublishResponse,833,DataType
RepublishResponse_Encoding_DefaultXml,834,Object
RepublishResponse_Encoding_DefaultBinary,835,Object
TransferResult,836,DataType
TransferResult_Encoding_DefaultXml,837,Object
TransferResult_Encoding_DefaultBinary,838,Object
TransferSubscriptionsRequest,839,DataType
TransferSubscriptionsRequest_Encoding_DefaultXml,840,Object
TransferSubscriptionsRequest_Encoding_DefaultBinary,841,Object
TransferSubscriptionsResponse,842,DataType
TransferSubscriptionsResponse_Encoding_DefaultXml,843,Object
TransferSubscriptionsResponse_Encoding_DefaultBinary,844,Object
DeleteSubscriptionsRequest,845,DataType
DeleteSubscriptionsRequest_Encoding_DefaultXml,846,Object
DeleteSubscriptionsRequest_Encoding_DefaultBinary,847,Object
DeleteSubscriptionsResponse,848,DataType
DeleteSubscriptionsResponse_Encoding_DefaultXml,849,Object
DeleteSubscriptionsResponse_Encoding_DefaultBinary,850,Object
RedundancySupport,851,DataType
ServerState,852,DataType
RedundantServerDataType,853,DataType
RedundantServerDataType_Encoding_DefaultXml,854,Object
RedundantServerDataType_Encoding_DefaultBinary,855,Object
SamplingRateDiagnosticsDataType,856,DataType
SamplingRateDiagnosticsDataType_Encoding_DefaultXml,857,Object
SamplingRateDiagnosticsDataType_Encoding_DefaultBinary,858,Object
ServerDiagnosticsSummaryDataType,859,DataType
ServerDiagnosticsSummaryDataType_Encoding_DefaultXml,860,Object
ServerDiagnosticsSummaryDataType_Encoding_DefaultBinary,861,Object
ServerStatusDataType,862,DataType
ServerStatusDataType_Encoding_DefaultXml,863,Object
ServerStatusDataType_Encoding_DefaultBinary,864,Object
SessionDiagnosticsDataType,865,DataType
SessionDiagnosticsDataType_Encoding_DefaultXml,866,Object
SessionDiagnosticsDataType_Encoding_DefaultBinary,867,Object
SessionSecurityDiagnosticsDataType,868,DataType
SessionSecurityDiagnosticsDataType_Encoding_DefaultXml,869,Object
SessionSecurityDiagnosticsDataType_Encoding_DefaultBinary,870,Object
ServiceCounterDataType,871,DataType
ServiceCounterDataType_Encoding_DefaultXml,872,Object
ServiceCounterDataType_Encoding_DefaultBinary,873,Object
SubscriptionDiagnosticsDataType,874,DataType
SubscriptionDiagnosticsDataType_Encoding_DefaultXml,875,Object
SubscriptionDiagnosticsDataType_Encoding_DefaultBinary,876,Object
ModelChangeStructureDataType,877,DataType
ModelChangeStructureDataType_Encoding_DefaultXml,878,Object
ModelChangeStructureDataType_Encoding_DefaultBinary,879,Object
ModelChangeStructureVerbMask,880,DataType
Range,884,DataType
Range_Encoding_DefaultXml,885,Object
Range_Encoding_DefaultBinary,886,Object
EUInformation,887,DataType
EUInformation_Encoding_DefaultXml,888,Object
EUInformation_Encoding_DefaultBinary,889,Object
ExceptionDeviationFormat,890,DataType
Annotation,891,DataType
Annotation_Encoding_DefaultXml,892,Object
Annotation_Encoding_DefaultBinary,893,Object
ProgramDiagnosticDataType,894,DataType
ProgramDiagnosticDataType_Encoding_DefaultXml,895,Object
ProgramDiagnosticDataType_Encoding_DefaultBinary,896,Object
SemanticChangeStructureDataType,897,DataType
SemanticChangeStructureDataType_Encoding_DefaultXml,898,Object
SemanticChangeStructureDataType_Encoding_DefaultBinary,899,Object
HistoryUpdateMode,913,DataType
EventNotificationList,914,DataType
EventNotificationList_Encoding_DefaultXml,915,Object
EventNotificationList_Encoding_DefaultBinary,916,Object
EventFieldList,917,DataType
EventFieldList_Encoding_DefaultXml,918,Object
EventFieldList_Encoding_DefaultBinary,919,Object
HistoryEventFieldList,920,DataType
HistoryEventFieldList_Encoding_DefaultXml,921,Object
HistoryEventFieldList_Encoding_DefaultBinary,922,Object
InsertReplaceEventDetails,926,DataType
InsertReplaceEventDetails_Encoding_DefaultXml,927,Object
InsertReplaceEventDetails_Encoding_DefaultBinary,928,Object
HistoryUpdateEventResult,929,DataType
HistoryUpdateEventResult_Encoding_DefaultXml,930,Object
HistoryUpdateEventResult_Encoding_DefaultBinary,931,Object
IssuedIdentityToken,938,DataType
IssuedIdentityToken_Encoding_DefaultXml,939,Object
IssuedIdentityToken_Encoding_DefaultBinary,940,Object
NotificationData,945,DataType
NotificationData_Encoding_DefaultXml,946,Object
NotificationData_Encoding_DefaultBinary,947,Object
AggregateConfiguration,948,DataType
AggregateConfiguration_Encoding_DefaultXml,949,Object
AggregateConfiguration_Encoding_DefaultBinary,950,Object
ImageBMP,2000,DataType
ImageGIF,2001,DataType
ImageJPG,2002,DataType
ImagePNG,2003,DataType
ServerType,2004,ObjectType
ServerType_ServerArray,2005,Variable
ServerType_NamespaceArray,2006,Variable
ServerType_ServerStatus,2007,Variable
ServerType_ServiceLevel,2008,Variable
ServerType_ServerCapabilities,2009,Object
ServerType_ServerDiagnostics,2010,Object
ServerType_VendorServerInfo,2011,Object
ServerType_ServerRedundancy,2012,Object
ServerCapabilitiesType,2013,ObjectType
ServerCapabilitiesType_ServerProfileArray,2014,Variable
ServerCapabilitiesType_LocaleIdArray,2016,Variable
ServerCapabilitiesType_MinSupportedSampleRate,2017,Variable
ServerCapabilitiesType_ModellingRules,2019,Object
ServerDiagnosticsType,2020,ObjectType
ServerDiagnosticsType_ServerDiagnosticsSummary,2021,Variable
ServerDiagnosticsType_SamplingRateDiagnosticsArray,2022,Variable
ServerDiagnosticsType_SubscriptionDiagnosticsArray,2023,Variable
ServerDiagnosticsType_EnabledFlag,2025,Variable
SessionsDiagnosticsSummaryType,2026,ObjectType
SessionsDiagnosticsSummaryType_SessionDiagnosticsArray,2027,Variable
SessionsDiagnosticsSummaryType_SessionSecurityDiagnosticsArray,2028,Variable
SessionDiagnosticsObjectType,2029,ObjectType
SessionDiagnosticsObjectType_SessionDiagnostics,2030,Variable
SessionDiagnosticsObjectType_SessionSecurityDiagnostics,2031,Variable
SessionDiagnosticsObjectType_SubscriptionDiagnosticsArray,2032,Variable
VendorServerInfoType,2033,ObjectType
ServerRedundancyType,2034,ObjectType
ServerRedundancyType_RedundancySupport,2035,Variable
TransparentRedundancyType,2036,ObjectType
TransparentRedundancyType_CurrentServerId,2037,Variable
TransparentRedundancyType_RedundantServerArray,2038,Variable
NonTransparentRedundancyType,2039,ObjectType
NonTransparentRedundancyType_ServerUriArray,2040,Variable
BaseEventType,2041,ObjectType
BaseEventType_EventId,2042,Variable
BaseEventType_EventType,2043,Variable
BaseEventType_SourceNode,2044,Variable
BaseEventType_SourceName,2045,Variable
BaseEventType_Time,2046,Variable
BaseEventType_ReceiveTime,2047,Variable
BaseEventType_TimeZone,2048,Variable
BaseEventType_DaylightSavingTime,2049,Variable
BaseEventType_Message,2050,Variable
BaseEventType_Severity,2051,Variable
AuditEventType,2052,ObjectType
AuditEventType_ActionTimeStamp,2053,Variable
AuditEventType_Status,2054,Variable
AuditEventType_ServerId,2055,Variable
AuditEventType_ClientAuditEntryId,2056,Variable
AuditEventType_ClientUserId,2057,Variable
AuditSecurityEventType,2058,ObjectType
AuditChannelEventType,2059,ObjectType
AuditOpenSecureChannelEventType,2060,ObjectType
AuditOpenSecureChannelEventType_ClientCertificate,2061,Variable
AuditOpenSecureChannelEventType_RequestType,2062,Variable
AuditOpenSecureChannelEventType_SecurityPolicyUri,2063,Variable
AuditOpenSecureChannelEventType_SecurityMode,2065,Variable
AuditOpenSecureChannelEventType_RequestedLifetime,2066,Variable
AuditSessionEventType,2069,ObjectType
AuditSessionEventType_SessionId,2070,Variable
AuditCreateSessionEventType,2071,ObjectType
AuditCreateSessionEventType_SecureChannelId,2072,Variable
AuditCreateSessionEventType_ClientCertificate,2073,Variable
AuditCreateSessionEventType_RevisedSessionTimeout,2074,Variable
AuditActivateSessionEventType,2075,ObjectType
AuditActivateSessionEventType_ClientSoftwareCertificates,2076,Variable
AuditActivateSessionEventType_UserIdentityToken,2077,Variable
AuditCancelEventType,2078,ObjectType
AuditCancelEventType_RequestHandle,2079,Variable
AuditCertificateEventType,2080,ObjectType
AuditCertificateEventType_Certificate,2081,Variable
AuditCertificateDataMismatchEventType,2082,ObjectType
AuditCertificateDataMismatchEventType_InvalidHostname,2083,Variable
AuditCertificateDataMismatchEventType_InvalidUri,2084,Variable
AuditCertificateExpiredEventType,2085,ObjectType
AuditCertificateInvalidEventType,2086,ObjectType
AuditCertificateUntrustedEventType,2087,ObjectType
AuditCertificateRevokedEventType,2088,ObjectType
AuditCertificateMismatchEventType,2089,ObjectType
AuditNodeManagementEventType,2090,ObjectType
AuditAddNodesEventType,2091,ObjectType
AuditAddNodesEventType_NodesToAdd,2092,Variable
AuditDeleteNodesEventType,2093,ObjectType
AuditDeleteNodesEventType_NodesToDelete,2094,Variable
AuditAddReferencesEventType,2095,ObjectType
AuditAddReferencesEventType_ReferencesToAdd,2096,Variable
AuditDeleteReferencesEventType,2097,ObjectType
AuditDeleteReferencesEventType_ReferencesToDelete,2098,Variable
AuditUpdateEventType,2099,ObjectType
AuditWriteUpdateEventType,2100,ObjectType
AuditWriteUpdateEventType_IndexRange,2101,Variable
AuditWriteUpdateEventType_OldValue,2102,Variable
AuditWriteUpdateEventType_NewValue,2103,Variable
AuditHistoryUpdateEventType,2104,ObjectType
AuditUpdateMethodEventType,2127,ObjectType
AuditUpdateMethodEventType_MethodId,2128,Variable
AuditUpdateMethodEventType_InputArguments,2129,Variable
SystemEventType,2130,ObjectType
DeviceFailureEventType,2131,ObjectType
BaseModelChangeEventType,2132,ObjectType
GeneralModelChangeEventType,2133,ObjectType
GeneralModelChangeEventType_Changes,2134,Variable
ServerVendorCapabilityType,2137,VariableType
ServerStatusType,2138,VariableType
ServerStatusType_StartTime,2139,Variable
ServerStatusType_CurrentTime,2140,Variable
ServerStatusType_State,2141,Variable
ServerStatusType_BuildInfo,2142,Variable
ServerDiagnosticsSummaryType,2150,VariableType
ServerDiagnosticsSummaryType_ServerViewCount,2151,Variable
ServerDiagnosticsSummaryType_CurrentSessionCount,2152,Variable
ServerDiagnosticsSummaryType_CumulatedSessionCount,2153,Variable
ServerDiagnosticsSummaryType_SecurityRejectedSessionCount,2154,Variable
ServerDiagnosticsSummaryType_RejectedSessionCount,2155,Variable
ServerDiagnosticsSummaryType_SessionTimeoutCount,2156,Variable
ServerDiagnosticsSummaryType_SessionAbortCount,2157,Variable
ServerDiagnosticsSummaryType_SamplingRateCount,2158,Variable
ServerDiagnosticsSummaryType_PublishingIntervalCount,2159,Variable
ServerDiagnosticsSummaryType_CurrentSubscriptionCount,2160,Variable
ServerDiagnosticsSummaryType_CumulatedSubscriptionCount,2161,Variable
ServerDiagnosticsSummaryType_SecurityRejectedRequestsCount,2162,Variable
ServerDiagnosticsSummaryType_RejectedRequestsCount,2163,Variable
SamplingRateDiagnosticsArrayType,2164,VariableType
SamplingRateDiagnosticsType,2165,VariableType
SamplingRateDiagnosticsType_SamplingRate,2166,Variable
SamplingRateDiagnosticsType_SamplingErrorCount,2167,Variable
SamplingRateDiagnosticsType_SampledMonitoredItemsCount,2168,Variable
SamplingRateDiagnosticsType_MaxSampledMonitoredItemsCount,2169,Variable
SamplingRateDiagnosticsType_DisabledMonitoredItemsSamplingCount,2170,Variable
SubscriptionDiagnosticsArrayType,2171,VariableType
SubscriptionDiagnosticsType,2172,VariableType
SubscriptionDiagnosticsType_SessionId,2173,Variable
SubscriptionDiagnosticsType_SubscriptionId,2174,Variable
SubscriptionDiagnosticsType_Priority,2175,Variable
SubscriptionDiagnosticsType_PublishingInterval,2176,Variable
SubscriptionDiagnosticsType_MaxKeepAliveCount,2177,Variable
SubscriptionDiagnosticsType_LifetimeCount,2178,Variable
SubscriptionDiagnosticsType_MaxNotificationsPerPublish,2179,Variable
SubscriptionDiagnosticsType_PublishingEnabled,2180,Variable
SubscriptionDiagnosticsType_ModifyCount,2181,Variable
SubscriptionDiagnosticsType_EnableCount,2182,Variable
SubscriptionDiagnosticsType_DisableCount,2183,Variable
SubscriptionDiagnosticsType_RepublishRequestCount,2184,Variable
SubscriptionDiagnosticsType_RepublishMessageRequestCount,2185,Variable
SubscriptionDiagnosticsType_RepublishMessageCount,2186,Variable
SubscriptionDiagnosticsType_TransferRequestCount,2187,Variable
SubscriptionDiagnosticsType_TransferredToAltClientCount,2188,Variable
SubscriptionDiagnosticsType_TransferredToSameClientCount,2189,Variable
SubscriptionDiagnosticsType_PublishRequestCount,2190,Variable
SubscriptionDiagnosticsType_DataChangeNotificationsCount,2191,Variable
SubscriptionDiagnosticsType_NotificationsCount,2193,Variable
SubscriptionDiagnosticsType_LateStateCount,2194,Variable
SubscriptionDiagnosticsType_KeepAliveStateCount,2195,Variable
SessionDiagnosticsArrayType,2196,VariableType
SessionDiagnosticsVariableType,2197,VariableType
SessionDiagnosticsVariableType_SessionId,2198,Variable
SessionDiagnosticsVariableType_SessionName,2199,Variable
SessionDiagnosticsVariableType_ClientDescription,2200,Variable
SessionDiagnosticsVariableType_ServerUri,2201,Variable
SessionDiagnosticsVariableType_EndpointUrl,2202,Variable
SessionDiagnosticsVariableType_LocaleIds,2203,Variable
SessionDiagnosticsVariableType_ActualSessionTimeout,2204,Variable
SessionDiagnosticsVariableType_ClientConnectionTime,2205,Variable
SessionDiagnosticsVariableType_ClientLastContactTime,2206,Variable
SessionDiagnosticsVariableType_CurrentSubscriptionsCount,2207,Variable
SessionDiagnosticsVariableType_CurrentMonitoredItemsCount,2208,Variable
SessionDiagnosticsVariableType_CurrentPublishRequestsInQueue,2209,Variable
SessionDiagnosticsVariableType_CurrentPublishTimerExpirations,2210,Variable
SessionDiagnosticsVariableType_KeepAliveCount,2211,Variable
SessionDiagnosticsVariableType_CurrentRepublishRequestsInQueue,2212,Variable
SessionDiagnosticsVariableType_MaxRepublishRequestsInQueue,2213,Variable
SessionDiagnosticsVariableType_RepublishCounter,2214,Variable
SessionDiagnosticsVariableType_PublishingCount,2215,Variable
SessionDiagnosticsVariableType_PublishingQueueOverflowCount,2216,Variable
SessionDiagnosticsVariableType_ReadCount,2217,Variable
SessionDiagnosticsVariableType_HistoryReadCount,2218,Variable
SessionDiagnosticsVariableType_WriteCount,2219,Variable
SessionDiagnosticsVariableType_HistoryUpdateCount,2220,Variable
SessionDiagnosticsVariableType_CallCount,2221,Variable
SessionDiagnosticsVariableType_CreateMonitoredItemsCount,2222,Variable
SessionDiagnosticsVariableType_ModifyMonitoredItemsCount,2223,Variable
SessionDiagnosticsVariableType_SetMonitoringModeCount,2224,Variable
SessionDiagnosticsVariableType_SetTriggeringCount,2225,Variable
SessionDiagnosticsVariableType_DeleteMonitoredItemsCount,2226,Variable
SessionDiagnosticsVariableType_CreateSubscriptionCount,2227,Variable
SessionDiagnosticsVariableType_ModifySubscriptionCount,2228,Variable
SessionDiagnosticsVariableType_SetPublishingModeCount,2229,Variable
SessionDiagnosticsVariableType_PublishCount,2230,Variable
SessionDiagnosticsVariableType_RepublishCount,2231,Variable
SessionDiagnosticsVariableType_TransferSubscriptionsCount,2232,Variable
SessionDiagnosticsVariableType_DeleteSubscriptionsCount,2233,Variable
SessionDiagnosticsVariableType_AddNodesCount,2234,Variable
SessionDiagnosticsVariableType_AddReferencesCount,2235,Variable
SessionDiagnosticsVariableType_DeleteNodesCount,2236,Variable
SessionDiagnosticsVariableType_DeleteReferencesCount,2237,Variable
SessionDiagnosticsVariableType_BrowseCount,2238,Variable
SessionDiagnosticsVariableType_BrowseNextCount,2239,Variable
SessionDiagnosticsVariableType_TranslateBrowsePathsToNodeIdsCount,2240,Variable
SessionDiagnosticsVariableType_QueryFirstCount,2241,Variable
SessionDiagnosticsVariableType_QueryNextCount,2242,Variable
SessionSecurityDiagnosticsArrayType,2243,VariableType
SessionSecurityDiagnosticsType,2244,VariableType
SessionSecurityDiagnosticsType_SessionId,2245,Variable
SessionSecurityDiagnosticsType_ClientUserIdOfSession,2246,Variable
SessionSecurityDiagnosticsType_ClientUserIdHistory,2247,Variable
SessionSecurityDiagnosticsType_AuthenticationMechanism,2248,Variable
SessionSecurityDiagnosticsType_Encoding,2249,Variable
SessionSecurityDiagnosticsType_TransportProtocol,2250,Variable
SessionSecurityDiagnosticsType_SecurityMode,2251,Variable
SessionSecurityDiagnosticsType_SecurityPolicyUri,2252,Variable
Server,2253,Object
Server_ServerArray,2254,Variable
Server_NamespaceArray,2255,Variable
Server_ServerStatus,2256,Variable
Server_ServerStatus_StartTime,2257,Variable
Server_ServerStatus_CurrentTime,2258,Variable
Server_ServerStatus_State,2259,Variable
Server_ServerStatus_BuildInfo,2260,Variable
Server_ServerStatus_BuildInfo_ProductName,2261,Variable
Server_ServerStatus_BuildInfo_ProductUri,2262,Variable
Server_ServerStatus_BuildInfo_ManufacturerName,2263,Variable
Server_ServerStatus_BuildInfo_SoftwareVersion,2264,Variable
Server_ServerStatus_BuildInfo_BuildNumber,2265,Variable
Server_ServerStatus_BuildInfo_BuildDate,2266,Variable
Server_ServiceLevel,2267,Variable
Server_ServerCapabilities,2268,Object
Server_ServerCapabilities_ServerProfileArray,2269,Variable
Server_ServerCapabilities_LocaleIdArray,2271,Variable
Server_ServerCapabilities_MinSupportedSampleRate,2272,Variable
Server_ServerDiagnostics,2274,Object
Server_ServerDiagnostics_ServerDiagnosticsSummary,2275,Variable
Server_ServerDiagnostics_ServerDiagnosticsSummary_ServerViewCount,2276,Variable
Server_ServerDiagnostics_ServerDiagnosticsSummary_CurrentSessionCount,2277,Variable
Server_ServerDiagnostics_ServerDiagnosticsSummary_CumulatedSessionCount,2278,Variable
Server_ServerDiagnostics_ServerDiagnosticsSummary_SecurityRejectedSessionCount,2279,Variable
Server_ServerDiagnostics_ServerDiagnosticsSummary_RejectSessionCount,2280,Variable
Server_ServerDiagnostics_ServerDiagnosticsSummary_SessionTimeoutCount,2281,Variable
Server_ServerDiagnostics_ServerDiagnosticsSummary_SessionAbortCount,2282,Variable
Server_ServerDiagnostics_ServerDiagnosticsSummary_SamplingRateCount,2283,Variable
Server_ServerDiagnostics_ServerDiagnosticsSummary_PublishingIntervalCount,2284,Variable
Server_ServerDiagnostics_ServerDiagnosticsSummary_CurrentSubscriptionCount,2285,Variable
Server_ServerDiagnostics_ServerDiagnosticsSummary_CumulatedSubscriptionCount,2286,Variable
Server_ServerDiagnostics_ServerDiagnosticsSummary_SecurityRejectedRequestsCount,2287,Variable
Server_ServerDiagnostics_ServerDiagnosticsSummary_RejectedRequestsCount,2288,Variable
Server_ServerDiagnostics_SamplingRateDiagnosticsArray,2289,Variable
Server_ServerDiagnostics_SubscriptionDiagnosticsArray,2290,Variable
Server_ServerDiagnostics_SessionDiagnosticsSummary,2291,Object
Server_ServerDiagnostics_SessionDiagnosticsSummary_SessionDiagnosticsArray,2292,Variable
Server_ServerDiagnostics_SessionDiagnosticsSummary_SessionSecurityDiagnosticsArray,2293,Variable
Server_ServerDiagnostics_EnabledFlag,2294,Variable
Server_VendorServerInfo,2295,Object
Server_ServerRedundancy,2296,Object
Dictionary_XmlSchema,2297,Variable
Dictionary_BinarySchema,2298,Variable
StateMachineType,2299,ObjectType
StateType,2307,ObjectType
StateType_StateNumber,2308,Variable
InitialStateType,2309,ObjectType
TransitionType,2310,ObjectType
TransitionEventType,2311,ObjectType
AuditUpdateStateEventType,2315,ObjectType
HistoricalConfigurationType,2318,ObjectType
HistoricalConfigurationType_Stepped,2323,Variable
HistoricalConfigurationType_Definition,2324,Variable
HistoricalConfigurationType_MaxTimeInterval,2325,Variable
HistoricalConfigurationType_MinTimeInterval,2326,Variable
HistoricalConfigurationType_ExceptionDeviation,2327,Variable
HistoricalConfigurationType_ExceptionDeviationFormat,2328,Variable
HistoricalEventConfigurationType,2329,ObjectType
HistoryServerCapabilitiesType,2330,ObjectType
HistoryServerCapabilitiesType_AccessHistoryDataCapability,2331,Variable
HistoryServerCapabilitiesType_AccessEventsCapability,2332,Variable
HistoryServerCapabilitiesType_MaxReturnValues,2333,Variable
HistoryServerCapabilitiesType_InsertDataCapability,2334,Variable
HistoryServerCapabilitiesType_ReplaceDataCapability,2335,Variable
HistoryServerCapabilitiesType_UpdateDataCapability,2336,Variable
HistoryServerCapabilitiesType_DeleteRawCapability,2337,Variable
HistoryServerCapabilitiesType_DeleteAtTimeCapability,2338,Variable
AggregateFunctionType,2340,ObjectType
AggregateFunction_Interpolative,2341,Object
AggregateFunction_Average,2342,Object
AggregateFunction_TimeAverage,2343,Object
AggregateFunction_Total,2344,Object
AggregateFunction_TotalizeAverage,2345,Object
AggregateFunction_Minimum,2346,Object
AggregateFunction_Maximum,2347,Object
AggregateFunction_MinimumActualTime,2348,Object
AggregateFunction_MaximumActualTime,2349,Object
AggregateFunction_Range,2350,Object
AggregateFunction_AnnotationCount,2351,Object
AggregateFunction_Count,2352,Object
AggregateFunction_DurationInState0,2353,Object
AggregateFunction_DurationInState1,2354,Object
AggregateFunction_NumberOfTransitions,2355,Object
AggregateFunction_Time,2356,Object
AggregateFunction_Start,2357,Object
AggregateFunction_End,2358,Object
AggregateFunction_Delta,2359,Object
AggregateFunction_DurationGood,2360,Object
AggregateFunction_DurationBad,2361,Object
AggregateFunction_PercentGood,2362,Object
AggregateFunction_PercentBad,2363,Object
AggregateFunction_WorstQuality,2364,Object
DataItemType,2365,VariableType
DataItemType_Definition,2366,Variable
DataItemType_ValuePrecision,2367,Variable
AnalogItemType,2368,VariableType
AnalogItemType_EURange,2369,Variable
AnalogItemType_InstrumentRange,2370,Variable
AnalogItemType_EngineeringUnits,2371,Variable
DiscreteItemType,2372,VariableType
TwoStateDiscreteType,2373,VariableType
TwoStateDiscreteType_FalseState,2374,Variable
TwoStateDiscreteType_TrueState,2375,Variable
MultiStateDiscreteType,2376,VariableType
MultiStateDiscreteType_EnumStrings,2377,Variable
ProgramTransitionEventType,2378,ObjectType
ProgramTransitionEventType_IntermediateResult,2379,Variable
ProgramDiagnosticType,2380,VariableType
ProgramDiagnosticType_CreateSessionId,2381,Variable
ProgramDiagnosticType_CreateClientName,2382,Variable
ProgramDiagnosticType_InvocationCreationTime,2383,Variable
ProgramDiagnosticType_LastTransitionTime,2384,Variable
ProgramDiagnosticType_LastMethodCall,2385,Variable
ProgramDiagnosticType_LastMethodSessionId,2386,Variable
ProgramDiagnosticType_LastMethodInputArguments,2387,Variable
ProgramDiagnosticType_LastMethodOutputArguments,2388,Variable
ProgramDiagnosticType_LastMethodCallTime,2389,Variable
ProgramDiagnosticType_LastMethodReturnStatus,2390,Variable
ProgramStateMachineType,2391,ObjectType
ProgramStateMachineType_Creatable,2392,Variable
ProgramStateMachineType_Deletable,2393,Variable
ProgramStateMachineType_AutoDelete,2394,Variable
ProgramStateMachineType_RecycleCount,2395,Variable
ProgramStateMachineType_InstanceCount,2396,Variable
ProgramStateMachineType_MaxInstanceCount,2397,Variable
ProgramStateMachineType_MaxRecycleCount,2398,Variable
ProgramStateMachineType_ProgramDiagnostics,2399,Variable
ProgramStateMachineType_Ready,2400,Object
ProgramStateMachineType_Ready_StateNumber,2401,Variable
ProgramStateMachineType_Running,2402,Object
ProgramStateMachineType_Running_StateNumber,2403,Variable
ProgramStateMachineType_Suspended,2404,Object
ProgramStateMachineType_Suspended_StateNumber,2405,Variable
ProgramStateMachineType_Halted,2406,Object
ProgramStateMachineType_Halted_StateNumber,2407,Variable
ProgramStateMachineType_HaltedToReady,2408,Object
ProgramStateMachineType_HaltedToReady_TransitionNumber,2409,Variable
ProgramStateMachineType_ReadyToRunning,2410,Object
ProgramStateMachineType_ReadyToRunning_TransitionNumber,2411,Variable
ProgramStateMachineType_RunningToHalted,2412,Object
ProgramStateMachineType_RunningToHalted_TransitionNumber,2413,Variable
ProgramStateMachineType_RunningToReady,2414,Object
ProgramStateMachineType_RunningToReady_TransitionNumber,2415,Variable
ProgramStateMachineType_RunningToSuspended,2416,Object
ProgramStateMachineType_RunningToSuspended_TransitionNumber,2417,Variable
ProgramStateMachineType_SuspendedToRunning,2418,Object
ProgramStateMachineType_SuspendedToRunning_TransitionNumber,2419,Variable
ProgramStateMachineType_SuspendedToHalted,2420,Object
ProgramStateMachineType_SuspendedToHalted_TransitionNumber,2421,Variable
ProgramStateMachineType_SuspendedToReady,2422,Object
ProgramStateMachineType_SuspendedToReady_TransitionNumber,2423,Variable
ProgramStateMachineType_ReadyToHalted,2424,Object
ProgramStateMachineType_ReadyToHalted_TransitionNumber,2425,Variable
ProgramStateMachineType_Start,2426,Method
ProgramStateMachineType_Suspend,2427,Method
ProgramStateMachineType_Resume,2428,Method
ProgramStateMachineType_Halt,2429,Method
ProgramStateMachineType_Reset,2430,Method
Dictionary_XmlSchema_Argument,2644,Variable
Dictionary_XmlSchema_StatusResult,2645,Variable
Dictionary_XmlSchema_UserTokenPolicy,2646,Variable
Dictionary_XmlSchema_ApplicationDescription,2647,Variable
Dictionary_XmlSchema_EndpointDescription,2648,Variable
Dictionary_XmlSchema_UserIdentityToken,2649,Variable
Dictionary_XmlSchema_AnonymousIdentityToken,2650,Variable
Dictionary_XmlSchema_UserNameIdentityToken,2651,Variable
Dictionary_XmlSchema_X509IdentityToken,2652,Variable
Dictionary_XmlSchema_IssuedIdentityToken,2653,Variable
Dictionary_XmlSchema_EndpointConfiguration,2654,Variable
Dictionary_XmlSchema_SupportedProfile,2655,Variable
Dictionary_XmlSchema_BuildInfo,2656,Variable
Dictionary_XmlSchema_SoftwareCertificate,2657,Variable
Dictionary_XmlSchema_AddNodesItem,2658,Variable
Dictionary_XmlSchema_AddReferencesItem,2659,Variable
Dictionary_XmlSchema_DeleteNodesItem,2660,Variable
Dictionary_XmlSchema_DeleteReferencesItem,2661,Variable
Dictionary_XmlSchema_ScalarTestType,2662,Variable
Dictionary_XmlSchema_ArrayTestType,2663,Variable
Dictionary_XmlSchema_CompositeTestType,2664,Variable
Dictionary_XmlSchema_RegisteredServer,2665,Variable
Dictionary_XmlSchema_ContentFilterElement,2666,Variable
Dictionary_XmlSchema_ContentFilter,2667,Variable
Dictionary_XmlSchema_FilterOperand,2668,Variable
Dictionary_XmlSchema_ElementOperand,2669,Variable
Dictionary_XmlSchema_LiteralOperand,2670,Variable
Dictionary_XmlSchema_AttributeOperand,2671,Variable
Dictionary_XmlSchema_SimpleAttributeOperand,2672,Variable
Dictionary_XmlSchema_RedundantServerDataType,2673,Variable
Dictionary_XmlSchema_SamplingRateDiagnosticsDataType,2674,Variable
Dictionary_XmlSchema_ServerDiagnosticsSummaryDataType,2675,Variable
Dictionary_XmlSchema_ServerStatusDataType,2676,Variable
Dictionary_XmlSchema_SessionDiagnosticsDataType,2677,Variable
Dictionary_XmlSchema_SessionSecurityDiagnosticsDataType,2678,Variable
Dictionary_XmlSchema_ServiceCounterDataType,2679,Variable
Dictionary_XmlSchema_SubscriptionDiagnosticsDataType,2680,Variable
Dictionary_XmlSchema_ModelChangeStructureDataType,2681,Variable
Dictionary_XmlSchema_Range,2683,Variable
Dictionary_XmlSchema_EUInformation,2684,Variable
Dictionary_XmlSchema_Annotation,2685,Variable
Dictionary_XmlSchema_ProgramDiagnosticDataType,2686,Variable
Dictionary_BinarySchema_Argument,2687,Variable
Dictionary_BinarySchema_StatusResult,2688,Variable
Dictionary_BinarySchema_UserTokenPolicy,2689,Variable
Dictionary_BinarySchema_ApplicationDescription,2690,Variable
Dictionary_BinarySchema_EndpointDescription,2691,Variable
Dictionary_BinarySchema_UserIdentityToken,2692,Variable
Dictionary_BinarySchema_AnonymousIdentityToken,2693,Variable
Dictionary_BinarySchema_UserNameIdentityToken,2694,Variable
Dictionary_BinarySchema_X509IdentityToken,2695,Variable
Dictionary_BinarySchema_IssuedIdentityToken,2696,Variable
Dictionary_BinarySchema_EndpointConfiguration,2697,Variable
Dictionary_BinarySchema_SupportedProfile,2698,Variable
Dictionary_BinarySchema_BuildInfo,2699,Variable
Dictionary_BinarySchema_SoftwareCertificate,2700,Variable
Dictionary_BinarySchema_AddNodesItem,2701,Variable
Dictionary_BinarySchema_AddReferencesItem,2702,Variable
Dictionary_BinarySchema_DeleteNodesItem,2703,Variable
Dictionary_BinarySchema_DeleteReferencesItem,2704,Variable
Dictionary_BinarySchema_ScalarTestType,2705,Variable
Dictionary_BinarySchema_ArrayTestType,2706,Variable
Dictionary_BinarySchema_CompositeTestType,2707,Variable
Dictionary_BinarySchema_RegisteredServer,2708,Variable
Dictionary_BinarySchema_ContentFilterElement,2709,Variable
Dictionary_BinarySchema_ContentFilter,2710,Variable
Dictionary_BinarySchema_FilterOperand,2711,Variable
Dictionary_BinarySchema_ElementOperand,2712,Variable
Dictionary_BinarySchema_LiteralOperand,2713,Variable
Dictionary_BinarySchema_AttributeOperand,2714,Variable
Dictionary_BinarySchema_SimpleAttributeOperand,2715,Variable
Dictionary_BinarySchema_RedundantServerDataType,2716,Variable
Dictionary_BinarySchema_SamplingRateDiagnosticsDataType,2717,Variable
Dictionary_BinarySchema_ServerDiagnosticsSummaryDataType,2718,Variable
Dictionary_BinarySchema_ServerStatusDataType,2719,Variable
Dictionary_BinarySchema_SessionDiagnosticsDataType,2720,Variable
Dictionary_BinarySchema_SessionSecurityDiagnosticsDataType,2721,Variable
Dictionary_BinarySchema_ServiceCounterDataType,2722,Variable
Dictionary_BinarySchema_SubscriptionDiagnosticsDataType,2723,Variable
Dictionary_BinarySchema_ModelChangeStructureDataType,2724,Variable
Dictionary_BinarySchema_Range,2726,Variable
Dictionary_BinarySchema_EUInformation,2727,Variable
Dictionary_BinarySchema_Annotation,2728,Variable
Dictionary_BinarySchema_ProgramDiagnosticDataType,2729,Variable
SessionDiagnosticsVariableType_RegisterNodesCount,2730,Variable
SessionDiagnosticsVariableType_UnregisterNodesCount,2731,Variable
ServerCapabilitiesType_MaxBrowseContinuationPoints,2732,Variable
ServerCapabilitiesType_MaxQueryContinuationPoints,2733,Variable
ServerCapabilitiesType_MaxHistoryContinuationPoints,2734,Variable
Server_ServerCapabilities_MaxBrowseContinuationPoints,2735,Variable
Server_ServerCapabilities_MaxQueryContinuationPoints,2736,Variable
Server_ServerCapabilities_MaxHistoryContinuationPoints,2737,Variable
SemanticChangeEventType,2738,ObjectType
SemanticChangeEventType_Changes,2739,Variable
Dictionary_XmlSchema_SemanticChangeStructureDataType,2740,Variable
Dictionary_BinarySchema_SemanticChangeStructureDataType,2741,Variable
ServerType_Auditing,2742,Variable
ServerDiagnosticsType_SessionsDiagnosticsSummary,2744,Object
AuditChannelEventType_SecureChannelId,2745,Variable
AuditOpenSecureChannelEventType_ClientCertificateThumbprint,2746,Variable
AuditCreateSessionEventType_ClientCertificateThumbprint,2747,Variable
AuditUrlMismatchEventType,2748,ObjectType
AuditUrlMismatchEventType_EndpointUrl,2749,Variable
AuditWriteUpdateEventType_AttributeId,2750,Variable
AuditHistoryUpdateEventType_ParameterDataTypeId,2751,Variable
ServerStatusType_SecondsTillShutdown,2752,Variable
ServerStatusType_ShutdownReason,2753,Variable
ServerCapabilitiesType_AggregateFunctions,2754,Object
StateVariableType,2755,VariableType
StateVariableType_Id,2756,Variable
StateVariableType_Name,2757,Variable
StateVariableType_Number,2758,Variable
StateVariableType_EffectiveDisplayName,2759,Variable
FiniteStateVariableType,2760,VariableType
FiniteStateVariableType_Id,2761,Variable
TransitionVariableType,2762,VariableType
TransitionVariableType_Id,2763,Variable
TransitionVariableType_Name,2764,Variable
TransitionVariableType_Number,2765,Variable
TransitionVariableType_TransitionTime,2766,Variable
FiniteTransitionVariableType,2767,VariableType
FiniteTransitionVariableType_Id,2768,Variable
StateMachineType_CurrentState,2769,Variable
StateMachineType_LastTransition,2770,Variable
FiniteStateMachineType,2771,ObjectType
FiniteStateMachineType_CurrentState,2772,Variable
FiniteStateMachineType_LastTransition,2773,Variable
TransitionEventType_Transition,2774,Variable
TransitionEventType_FromState,2775,Variable
TransitionEventType_ToState,2776,Variable
AuditUpdateStateEventType_OldStateId,2777,Variable
AuditUpdateStateEventType_NewStateId,2778,Variable
BaseConditionType,2779,ObjectType
BaseConditionType_Retain,2780,Variable
BaseConditionType_ConditionRefresh,2781,Method
ConditionType,2782,ObjectType
ConditionType_State,2783,Object
ConditionType_GroupingId,2784,Variable
ConditionType_AddCommentByEventIds,2785,Method
ConditionGroupType,2786,ObjectType
RefreshStartEventType,2787,ObjectType
RefreshEndEventType,2788,ObjectType
RefreshRequiredEventType,2789,ObjectType
AuditConditionEventType,2790,ObjectType
BaseConditionStateMachineType,2791,ObjectType
ConditionStateMachineType,2792,ObjectType
ConditionStateMachineType_Enabled,2793,Object
ConditionStateMachineType_Disabled,2794,Object
ConditionStateMachineType_ToEnabled,2795,Object
ConditionStateMachineType_ToDisabled,2796,Object
ConditionStateMachineType_Enable,2797,Method
ConditionStateMachineType_Disable,2798,Method
ConditionStateMachineType_Status,2799,Object
ConditionStateMachineType_Severity,2800,Object
ConditionStateMachineType_Comment,2801,Object
ConditionStateMachineType_CommentPrevious,2802,Object
AuditConditionEnableEventType,2803,ObjectType
StatusStateMachineType,2804,ObjectType
StatusStateMachineType_Status,2805,Variable
StatusStateMachineType_Change,2806,Object
StatusStateMachineType_ToChange,2807,Object
SeverityStateMachineType,2808,ObjectType
SeverityStateMachineType_LastSeverity,2809,Variable
SeverityStateMachineType_Change,2810,Object
SeverityStateMachineType_SeverityChange,2811,Object
CommentStateMachineType,2812,ObjectType
CommentStateMachineType_Comment,2813,Variable
CommentStateMachineType_ClientUserId,2814,Variable
CommentStateMachineType_LastComment,2815,Object
CommentStateMachineType_CommentAdded,2816,Object
CommentStateMachineType_ToCommentAdded,2817,Object
CommentStateMachineType_ToLastComment,2818,Object
CommentStateMachineType_AddComment,2819,Method
CommentPreviousStateMachineType,2820,ObjectType
CommentPreviousStateMachineType_EventId,2821,Variable
CommentPreviousStateMachineType_Comment,2822,Variable
CommentPreviousStateMachineType_ClientUserId,2823,Variable
CommentPreviousStateMachineType_LastComment,2824,Object
CommentPreviousStateMachineType_CommentAdded,2825,Object
CommentPreviousStateMachineType_ToCommentAdded,2826,Object
CommentPreviousStateMachineType_ToLastComment,2827,Object
CommentPreviousStateMachineType_AddCommentByEventIds,2828,Method
AuditConditionCommentEventType,2829,ObjectType
DialogConditionType,2830,ObjectType
DialogConditionType_Prompt,2831,Variable
OkDialogConditionType,2832,ObjectType
OkDialogConditionType_State,2833,Object
OkDialogStateMachineType,2834,ObjectType
OkDialogStateMachineType_Dialog,2835,Object
OkDialogSubStateMachineType,2836,ObjectType
OkDialogSubStateMachineType_Inactive,2837,Object
OkDialogSubStateMachineType_Active,2838,Object
OkDialogSubStateMachineType_Accepting,2839,Object
OkDialogSubStateMachineType_ToAccepting,2840,Object
OkDialogSubStateMachineType_ToActive,2841,Object
OkDialogSubStateMachineType_ToInactive,2842,Object
OkDialogSubStateMachineType_Ok,2843,Method
AuditConditionDialogEventType,2844,ObjectType
OkCancelDialogConditionType,2845,ObjectType
OkCancelDialogConditionType_State,2846,Object
OkCancelDialogStateMachineType,2847,ObjectType
OkCancelDialogStateMachineType_Dialog,2848,Object
OkCancelDialogSubStateMachineType,2849,ObjectType
OkCancelDialogSubStateMachineType_Inactive,2850,Object
OkCancelDialogSubStateMachineType_Active,2851,Object
OkCancelDialogSubStateMachineType_Accepting,2852,Object
OkCancelDialogSubStateMachineType_Cancelling,2853,Object
OkCancelDialogSubStateMachineType_ToActive,2854,Object
OkCancelDialogSubStateMachineType_ToAccepting,2855,Object
OkCancelDialogSubStateMachineType_AcceptingToInactive,2856,Object
OkCancelDialogSubStateMachineType_ToCancelling,2857,Object
OkCancelDialogSubStateMachineType_CancellingToInactive,2858,Object
OkCancelDialogSubStateMachineType_Ok,2859,Method
OkCancelDialogSubStateMachineType_Cancel,2860,Method
YesNoCancelDialogConditionType,2861,ObjectType
YesNoCancelDialogConditionType_State,2862,Object
YesNoCancelDialogStateMachineType,2863,ObjectType
YesNoCancelDialogStateMachineType_Dialog,2864,Object
YesNoCancelDialogSubStateMachineType,2865,ObjectType
YesNoCancelDialogSubStateMachineType_Inactive,2866,Object
YesNoCancelDialogSubStateMachineType_Active,2867,Object
YesNoCancelDialogSubStateMachineType_Accepting,2868,Object
YesNoCancelDialogSubStateMachineType_Cancelling,2869,Object
YesNoCancelDialogSubStateMachineType_Rejecting,2870,Object
YesNoCancelDialogSubStateMachineType_ToActive,2871,Object
YesNoCancelDialogSubStateMachineType_ToAccepting,2872,Object
YesNoCancelDialogSubStateMachineType_AcceptingToInactive,2873,Object
YesNoCancelDialogSubStateMachineType_ToCancelling,2874,Object
YesNoCancelDialogSubStateMachineType_CancellingToInactive,2875,Object
YesNoCancelDialogSubStateMachineType_ToRejecting,2876,Object
YesNoCancelDialogSubStateMachineType_RejectingToInactive,2877,Object
YesNoCancelDialogSubStateMachineType_Yes,2878,Method
YesNoCancelDialogSubStateMachineType_No,2879,Method
YesNoCancelDialogSubStateMachineType_Cancel,2880,Method
AcknowledgeableConditionType,2881,ObjectType
AcknowledgeableConditionType_State,2882,Object
AcknowledgeableConditionType_AckPrevious,2883,Variable
AcknowledgeableConditionType_AcknowledgeByEventIds,2884,Method
AcknowledgeableConditionType_ConfirmByEventIds,2885,Method
AcknowledgeableConditionStateMachineType,2886,ObjectType
AcknowledgeableConditionStateMachineType_Acknowledged,2887,Object
AcknowledgeableConditionStateMachineType_AckPreviousRequired,2888,Object
AcknowledgeableConditionStateMachineType_Confirm,2889,Object
AcknowledgeableConditionStateMachineType_ConfirmPrevious,2890,Object
AuditAcknowledgeEventType,2891,ObjectType
AcknowledgeStateMachineType,2892,ObjectType
AcknowledgeStateMachineType_Unacknowledged,2893,Object
AcknowledgeStateMachineType_Acknowledged,2894,Object
AcknowledgeStateMachineType_Acknowledging,2895,Object
AcknowledgeStateMachineType_ToAcknowledging,2896,Object
AcknowledgeStateMachineType_ToAcknowledged,2897,Object
AcknowledgeStateMachineType_ToUnacknowledged,2898,Object
AcknowledgeStateMachineType_Acknowledge,2899,Method
ConfirmedStateMachineType,2900,ObjectType
ConfirmedStateMachineType_Unconfirmed,2901,Object
ConfirmedStateMachineType_Confirmed,2902,Object
ConfirmedStateMachineType_Confirming,2903,Object
ConfirmedStateMachineType_ToConfirming,2904,Object
ConfirmedStateMachineType_ToConfirmed,2905,Object
ConfirmedStateMachineType_ConfirmingToUnconfirmed,2906,Object
ConfirmedStateMachineType_ConfirmedToUnconfirmed,2907,Object
ConfirmedStateMachineType_Confirm,2908,Method
AckPreviousStateMachineType,2909,ObjectType
AckPreviousStateMachineType_Active,2911,Object
AckPreviousStateMachineType_Confirming,2912,Object
AckPreviousStateMachineType_ToActive,2913,Object
AlarmConditionType,2915,ObjectType
AlarmConditionType_State,2916,Object
AlarmConditionType_SuppressedOrShelved,2917,Variable
AlarmConditionType_MaxTimeShelved,2918,Variable
AlarmConditionStateMachineType,2919,ObjectType
AlarmConditionStateMachineType_AlarmActive,2920,Object
AlarmConditionStateMachineType_AlarmShelved,2921,Object
AlarmConditionStateMachineType_AlarmSuppressed,2922,Object
AlarmStateMachineType,2923,ObjectType
AlarmStateMachineType_Inactive,2924,Object
AlarmStateMachineType_Active,2925,Object
AlarmStateMachineType_ToActive,2926,Object
AlarmStateMachineType_ToInactive,2927,Object
ShelvedAuditEventType,2928,ObjectType
ShelvedStateMachineType,2929,ObjectType
ShelvedStateMachineType_Unshelved,2930,Object
ShelvedStateMachineType_ManualShelved,2931,Object
ShelvedStateMachineType_TimedShelved,2932,Object
ShelvedStateMachineType_OneShotShelved,2933,Object
ShelvedStateMachineType_UnshelvedToManualShelved,2934,Object
ShelvedStateMachineType_UnshelvedToTimedShelved,2935,Object
ShelvedStateMachineType_UnshelvedToOneShotShelved,2936,Object
ShelvedStateMachineType_ManualShelvedToUnshelved,2937,Object
ShelvedStateMachineType_ManualShelvedToTimedShelved,2938,Object
ShelvedStateMachineType_ManualShelvedToOneShotShelved,2939,Object
ShelvedStateMachineType_TimedShelvedToUnshelved,2940,Object
ShelvedStateMachineType_TimedShelvedToManualShelved,2941,Object
ShelvedStateMachineType_TimedShelvedToOneShotShelved,2942,Object
ShelvedStateMachineType_OneShotShelvedToUnshelved,2943,Object
ShelvedStateMachineType_OneShotShelvedToManualShelved,2944,Object
ShelvedStateMachineType_OneShotShelvedToTimedShelved,2945,Object
ShelvedStateMachineType_ManualShelve,2946,Method
ShelvedStateMachineType_Unshelve,2947,Method
ShelvedStateMachineType_OneShotShelve,2948,Method
ShelvedStateMachineType_TimedShelve,2949,Method
SuppressedStateMachineType,2950,ObjectType
SuppressedStateMachineType_Unsuppressed,2951,Object
SuppressedStateMachineType_Suppressed,2952,Object
SuppressedStateMachineType_ToUnsuppressed,2953,Object
SuppressedStateMachineType_ToSuppressed,2954,Object
ProcessAlarmType,2955,ObjectType
LevelAlarmType,2956,ObjectType
SingleLevelAlarmType,2957,ObjectType
SingleLevelAlarmType_Limit,2958,Variable
MultiLevelAlarmType,2959,ObjectType
MultiLevelAlarmType_State,2960,Object
MultiLevelAlarmType_HighHighLimit,2961,Variable
MultiLevelAlarmType_HighLimit,2962,Variable
MultiLevelAlarmType_LowLimit,2963,Variable
MultiLevelAlarmType_LowLowLimit,2964,Variable
MultiLevelAlarmConditionStateMachineType,2965,ObjectType
MultiLevelAlarmConditionStateMachineType_AlarmActive,2966,Object
MultiLevelAlarmStateMachineType,2967,ObjectType
MultiLevelAlarmStateMachineType_ActiveSubState,2968,Object
MultiLevelAlarmActiveSubStateMachineType,2969,ObjectType
MultiLevelAlarmActiveSubStateMachineType_HighHigh,2970,Object
MultiLevelAlarmActiveSubStateMachineType_High,2971,Object
MultiLevelAlarmActiveSubStateMachineType_Low,2972,Object
MultiLevelAlarmActiveSubStateMachineType_LowLow,2973,Object
MultiLevelAlarmActiveSubStateMachineType_HighToHighHigh,2974,Object
MultiLevelAlarmActiveSubStateMachineType_HighHighToHigh,2975,Object
MultiLevelAlarmActiveSubStateMachineType_LowToLowLow,2976,Object
MultiLevelAlarmActiveSubStateMachineType_LowLowToLow,2977,Object
AlarmLimitType,2978,VariableType
BaseConditionType_ConditionRefresh_InputArguments,2979,Variable
ConditionType_AddCommentByEventIds_InputArguments,2980,Variable
ConditionType_AddCommentByEventIds_OutputArguments,2981,Variable
CommentStateMachineType_AddComment_InputArguments,2982,Variable
CommentPreviousStateMachineType_AddCommentByEventIds_InputArguments,2983,Variable
CommentPreviousStateMachineType_AddCommentByEventIds_OutputArguments,2984,Variable
AcknowledgeableConditionType_AcknowledgeByEventIds_InputArguments,2985,Variable
AcknowledgeableConditionType_AcknowledgeByEventIds_OutputArguments,2986,Variable
AcknowledgeableConditionType_ConfirmByEventIds_InputArguments,2987,Variable
AcknowledgeableConditionType_ConfirmByEventIds_OutputArguments,2988,Variable
AcknowledgeStateMachineType_Acknowledge_InputArguments,2989,Variable
ConfirmedStateMachineType_Confirm_InputArguments,2990,Variable
ShelvedStateMachineType_TimedShelve_InputArguments,2991,Variable
Server_ServerStatus_SecondsTillShutdown,2992,Variable
Server_ServerStatus_ShutdownReason,2993,Variable
Server_Auditing,2994,Variable
Server_ServerCapabilities_SupportsAuditing,2995,Variable
Server_ServerCapabilities_ModellingRules,2996,Object
Server_ServerCapabilities_AggregateFunctions,2997,Object
SubscriptionDiagnosticsType_EventNotificationsCount,2998,Variable
AuditHistoryEventUpdateEventType,2999,ObjectType
AuditHistoryEventUpdateEventType_Filter,3003,Variable
AuditHistoryValueUpdateEventType,3006,ObjectType
AuditHistoryDeleteEventType,3012,ObjectType
AuditHistoryRawModifyDeleteEventType,3014,ObjectType
AuditHistoryRawModifyDeleteEventType_IsDeleteModified,3015,Variable
AuditHistoryRawModifyDeleteEventType_StartTime,3016,Variable
AuditHistoryRawModifyDeleteEventType_EndTime,3017,Variable
AuditHistoryAtTimeDeleteEventType,3019,ObjectType
AuditHistoryAtTimeDeleteEventType_ReqTimes,3020,Variable
AuditHistoryAtTimeDeleteEventType_OldValues,3021,Variable
AuditHistoryEventDeleteEventType,3022,ObjectType
AuditHistoryEventDeleteEventType_EventIds,3023,Variable
AuditHistoryEventDeleteEventType_OldValues,3024,Variable
AuditHistoryEventUpdateEventType_UpdatedNode,3025,Variable
AuditHistoryValueUpdateEventType_UpdatedNode,3026,Variable
AuditHistoryDeleteEventType_UpdatedNode,3027,Variable
AuditHistoryEventUpdateEventType_PerformInsertReplace,3028,Variable
AuditHistoryEventUpdateEventType_NewValues,3029,Variable
AuditHistoryEventUpdateEventType_OldValues,3030,Variable
AuditHistoryValueUpdateEventType_PerformInsertReplace,3031,Variable
AuditHistoryValueUpdateEventType_NewValues,3032,Variable
AuditHistoryValueUpdateEventType_OldValues,3033,Variable
AuditHistoryRawModifyDeleteEventType_OldValues,3034,Variable
EventQueueOverflowEventType,3035,ObjectType
AckPreviousStateMachineType_Inactive,3036,Object
AckPreviousStateMachineType_ToInactive,3037,Object
Dictionary_XmlSchema_SignedSoftwareCertificate,3038,Variable
Dictionary_BinarySchema_SignedSoftwareCertificate,3039,Variable
Dictionary_XmlSchema_EventFilter,3040,Variable
Dictionary_BinarySchema_EventFilter,3041,Variable
Dictionary_XmlSchema_MonitoringFilter,3042,Variable
Dictionary_BinarySchema_MonitoringFilter,3043,Variable
Dictionary_XmlSchema_HistoryEvent,3044,Variable
Dictionary_XmlSchema_HistoryEventFieldList,3045,Variable
Dictionary_BinarySchema_HistoryEvent,3046,Variable
Dictionary_BinarySchema_HistoryEventFieldList,3047,Variable
EventTypesFolder,3048,Object
ServerCapabilitiesType_SoftwareCertificates,3049,Variable
SessionDiagnosticsVariableType_MaxResponseMessageSize,3050,Variable
BuildInfoType,3051,VariableType
BuildInfoType_ProductUri,3052,Variable
BuildInfoType_ManufacturerName,3053,Variable
BuildInfoType_ProductName,3054,Variable
BuildInfoType_SoftwareVersion,3055,Variable
BuildInfoType_BuildNumber,3056,Variable
BuildInfoType_BuildDate,3057,Variable
SessionSecurityDiagnosticsType_ClientCertificate,3058,Variable
HistoricalConfigurationType_AggregateConfiguration,3059,Variable
Dictionary_XmlSchema_AggregateConfiguration,3060,Variable
Dictionary_BinarySchema_AggregateConfiguration,3061,Variable
