CEFACT Code;Engineering UnitId;Description;DisplayName
10;12592;group;
11;12593;outfit;
13;12595;ration;
14;12596;shot;
15;12597;stick, military;
1I;12617;fixed rate;
20;12848;twenty foot container;
21;12849;forty foot container;
22;12850;decilitre per gram;dl/g
23;12851;gram per cubic centimetre;g/cm³
24;12852;theoretical pound;
25;12853;gram per square centimetre;g/cm²
27;12855;theoretical ton;
28;12856;kilogram per square metre;kg/m²
2A;12865;radian per second;rad/s
2B;12866;radian per second squared;rad/s²
2C;12867;roentgen;R
2G;12871;volt AC;V
2H;12872;volt DC;V
2I;12873;British thermal unit (international table) per hour;BtuIT/h
2J;12874;cubic centimetre per second;cm³/s
2K;12875;cubic foot per hour;ft³/h
2L;12876;cubic foot per minute;ft³/min
2M;12877;centimetre per second;cm/s
2N;12878;decibel;dB
2P;12880;kilobyte;kbyte
2Q;12881;kilobecquerel;kBq
2R;12882;kilocurie;kCi
2U;12885;megagram;Mg
2X;12888;metre per minute;m/min
2Y;12889;milliroentgen;mR
2Z;12890;millivolt;mV
33;13107;kilopascal square metre per gram;kPa·m²/g
34;13108;kilopascal per millimetre;kPa/mm
35;13109;millilitre per square centimetre second;ml/(cm²·s)
37;13111;ounce per square foot;oz/ft²
38;13112;ounce per square foot per 0,01inch;oz/(ft²/cin)
3B;13122;megajoule;MJ
3C;13123;manmonth;
40;13360;millilitre per second;ml/s
41;13361;millilitre per minute;ml/min
4C;13379;centistokes;cSt
4G;13383;microlitre;µl
4H;13384;micrometre (micron);µm
4K;13387;milliampere;mA
4L;13388;megabyte;Mbyte
4M;13389;milligram per hour;mg/h
4N;13390;megabecquerel;MBq
4O;13391;microfarad;µF
4P;13392;newton per metre;N/m
4Q;13393;ounce inch;oz·in
4R;13394;ounce foot;oz·ft
4T;13396;picofarad;pF
4U;13397;pound per hour;lb/h
4W;13399;ton (US) per hour;ton (US) /h
4X;13400;kilolitre per hour;kl/h
56;13622;sitas;
57;13623;mesh;
58;13624;net kilogram;
59;13625;part per million;ppm
5A;13633;barrel (US) per minute;barrel (US)/min
5B;13634;batch;
5E;13637;MMSCF/day;
5J;13642;hydraulic horse power;
60;13872;percent weight;
61;13873;part per billion (US);ppb
64;13876;pound per square inch, gauge;
66;13878;oersted;Oe
74;14132;millipascal;mPa
76;14134;gauss;Gs
77;14135;milli-inch;mil
78;14136;kilogauss;kGs
80;14384;pound per square inch absolute;lb/in²
81;14385;henry;H
84;14388;A unit of pressure defining the number of kilopounds force per square inch. Use kip per square inch (common code N20).;klbf/in²
85;14389;foot pound-force;ft·lbf
87;14391;pound per cubic foot;lb/ft³
89;14393;poise;P
91;14641;stokes;St
A1;16689;15 °C calorie;cal15
A10;4272432;ampere square metre per joule second;A·m²/(J·s)
A11;4272433;angstrom;Å
A12;4272434;astronomical unit;ua
A13;4272435;attojoule;aJ
A14;4272436;barn;b
A15;4272437;barn per electronvolt;b/eV
A16;4272438;barn per steradian electronvolt;b/(sr·eV)
A17;4272439;barn per steradian;b/sr
A18;4272440;becquerel per kilogram;Bq/kg
A19;4272441;becquerel per cubic metre;Bq/m³
A2;16690;ampere per centimetre;A/cm
A20;4272688;British thermal unit (international table) per second square foot degree Rankine;BtuIT/(s·ft²·°R)
A21;4272689;British thermal unit (international table) per pound degree Rankine;Btu/IT(lb·°R)
A22;4272690;British thermal unit (international table) per second foot degree Rankine;BtuIT/(s·ft·°R)
A23;4272691;British thermal unit (international table) per hour square foot degree Rankine;BtuIT/(h·ft²·°R)
A24;4272692;candela per square metre;cd/m²
A25;4272693;cheval vapeur;CV
A26;4272694;coulomb metre;C·m
A27;4272695;coulomb metre squared per volt;C·m²/V
A28;4272696;coulomb per cubic centimetre;C/cm³
A29;4272697;coulomb per cubic metre;C/m³
A3;16691;ampere per millimetre;A/mm
A30;4272944;coulomb per cubic millimetre;C/mm³
A31;4272945;coulomb per kilogram second;C/(kg·s)
A32;4272946;coulomb per mole;C/mol
A33;4272947;coulomb per square centimetre;C/cm²
A34;4272948;coulomb per square metre;C/m²
A35;4272949;coulomb per square millimetre;C/mm²
A36;4272950;cubic centimetre per mole;cm³/mol
A37;4272951;cubic decimetre per mole;dm³/mol
A38;4272952;cubic metre per coulomb;m³/C
A39;4272953;cubic metre per kilogram;m³/kg
A4;16692;ampere per square centimetre;A/cm²
A40;4273200;cubic metre per mole;m³/mol
A41;4273201;ampere per square metre;A/m²
A42;4273202;curie per kilogram;Ci/kg
A43;4273203;deadweight tonnage;dwt
A44;4273204;decalitre;dal
A45;4273205;decametre;dam
A47;4273207;decitex;dtex (g/10km)
A48;4273208;degree Rankine;°R
A49;4273209;denier;den (g/9 km)
A5;16693;ampere square metre;A·m²
A50;4273456;dyne second per cubic centimetre;dyn·s/cm³
A51;4273457;dyne second per centimetre;dyn·s/cm
A52;4273458;dyne second per centimetre to the fifth power;dyn·s/cm5
A53;4273459;electronvolt;eV
A54;4273460;electronvolt per metre;eV/m
A55;4273461;electronvolt square metre;eV·m²
A56;4273462;electronvolt square metre per kilogram;eV·m²/kg
A57;4273463;erg;erg
A58;4273464;erg per centimetre;erg/cm
A59;4273465;8-part cloud cover;
A6;16694;ampere per square metre kelvin squared;A/(m²·K²)
A60;4273712;erg per cubic centimetre;erg/cm³
A61;4273713;erg per gram;erg/g
A62;4273714;erg per gram second;erg/g·s
A63;4273715;erg per second;erg/s
A64;4273716;erg per second square centimetre;erg/(s·cm²)
A65;4273717;erg per square centimetre second;erg/(cm²·s)
A66;4273718;erg square centimetre;erg·cm²
A67;4273719;erg square centimetre per gram;erg·cm²/g
A68;4273720;exajoule;EJ
A69;4273721;farad per metre;F/m
A7;16695;ampere per square millimetre;A/mm²
A70;4273968;femtojoule;fJ
A71;4273969;femtometre;fm
A73;4273971;foot per second squared;ft/s²
A74;4273972;foot pound-force per second;ft·lbf/s
A75;4273973;freight ton;
A76;4273974;gal;Gal
A77;4273975;Gaussian CGS (Centimetre-Gram-Second system) unit of displacement;
A78;4273976;Gaussian CGS (Centimetre-Gram-Second system) unit of electric current;
A79;4273977;Gaussian CGS (Centimetre-Gram-Second system) unit of electric charge;
A8;16696;ampere second;A·s
A80;4274224;Gaussian CGS (Centimetre-Gram-Second system) unit of electric field strength;
A81;4274225;Gaussian CGS (Centimetre-Gram-Second system) unit of electric polarization;
A82;4274226;Gaussian CGS (Centimetre-Gram-Second system) unit of electric potential;
A83;4274227;Gaussian CGS (Centimetre-Gram-Second system) unit of magnetization;
A84;4274228;gigacoulomb per cubic metre;GC/m³
A85;4274229;gigaelectronvolt;GeV
A86;4274230;gigahertz;GHz
A87;4274231;gigaohm;G?
A88;4274232;gigaohm metre;G?·m
A89;4274233;gigapascal;GPa
A9;16697;rate;
A90;4274480;gigawatt;GW
A91;4274481;grade;
A93;4274483;gram per cubic metre;g/m³
A94;4274484;gram per mole;g/mol
A95;4274485;gray;Gy
A96;4274486;gray per second;Gy/s
A97;4274487;hectopascal;hPa
A98;4274488;henry per metre;H/m
A99;4274489;bit;bit
AA;16705;ball;
AB;16706;bulk pack;pk
ACR;4277074;acre;acre
ACT;4277076;activity;
AD;16708;byte;byte
AE;16709;ampere per metre;A/m
AH;16712;additional minute;
AI;16713;average minute per call;
AK;16715;fathom;fth
AL;16716;access line;
AMH;4279624;ampere hour;A·h
AMP;4279632;ampere;A
ANN;4279886;year;y
APZ;4280410;troy ounce or apothecary ounce;tr oz
AQ;16721;anti-hemophilic factor (AHF) unit;
ARE;4280901;are;a
AS;16723;assortment;
ASM;4281165;alcoholic strength by mass;
ASU;4281173;alcoholic strength by volume;
ATM;4281421;standard atmosphere;atm
ATT;4281428;technical atmosphere;at
AY;16729;assembly;
AZ;16730;British thermal unit (international table) per pound;BtuIT/lb
B1;16945;barrel (US) per day;barrel (US)/d
B10;4337968;bit per second;bit/s
B11;4337969;joule per kilogram kelvin;J/(kg·K)
B12;4337970;joule per metre;J/m
B13;4337971;joule per square metre;J/m²
B14;4337972;joule per metre to the fourth power;J/m?
B15;4337973;joule per mole;J/mol
B16;4337974;joule per mole kelvin;J/(mol·K)
B17;4337975;credit;
B18;4337976;joule second;J·s
B19;4337977;digit;
B20;4338224;joule square metre per kilogram;J·m²/kg
B21;4338225;kelvin per watt;K/W
B22;4338226;kiloampere;kA
B23;4338227;kiloampere per square metre;kA/m²
B24;4338228;kiloampere per metre;kA/m
B25;4338229;kilobecquerel per kilogram;kBq/kg
B26;4338230;kilocoulomb;kC
B27;4338231;kilocoulomb per cubic metre;kC/m³
B28;4338232;kilocoulomb per square metre;kC/m²
B29;4338233;kiloelectronvolt;keV
B3;16947;batting pound;
B30;4338480;gibibit;Gibit
B31;4338481;kilogram metre per second;kg·m/s
B32;4338482;kilogram metre squared;kg·m²
B33;4338483;kilogram metre squared per second;kg·m²/s
B34;4338484;kilogram per cubic decimetre;kg/dm³
B35;4338485;kilogram per litre;kg/l
B36;4338486;calorie (thermochemical) per gram;calth/g
B37;4338487;kilogram-force;kgf
B38;4338488;kilogram-force metre;kgf·m
B39;4338489;kilogram-force metre per second;kgf·m/s
B4;16948;barrel, imperial;
B40;4338736;kilogram-force per square metre;kgf/m²
B41;4338737;kilojoule per kelvin;kJ/K
B42;4338738;kilojoule per kilogram;kJ/kg
B43;4338739;kilojoule per kilogram kelvin;kJ/(kg·K)
B44;4338740;kilojoule per mole;kJ/mol
B45;4338741;kilomole;kmol
B46;4338742;kilomole per cubic metre;kmol/m³
B47;4338743;kilonewton;kN
B48;4338744;kilonewton metre;kN·m
B49;4338745;kiloohm;k?
B50;4338992;kiloohm metre;k?·m
B51;4338993;kilopond;kp
B52;4338994;kilosecond;ks
B53;4338995;kilosiemens;kS
B54;4338996;kilosiemens per metre;kS/m
B55;4338997;kilovolt per metre;kV/m
B56;4338998;kiloweber per metre;kWb/m
B57;4338999;light year;ly
B58;4339000;litre per mole;l/mol
B59;4339001;lumen hour;lm·h
B60;4339248;lumen per square metre;lm/m²
B61;4339249;lumen per watt;lm/W
B62;4339250;lumen second;lm·s
B63;4339251;lux hour;lx·h
B64;4339252;lux second;lx·s
B65;4339253;maxwell;Mx
B66;4339254;megaampere per square metre;MA/m²
B67;4339255;megabecquerel per kilogram;MBq/kg
B68;4339256;gigabit;Gbit
B69;4339257;megacoulomb per cubic metre;MC/m³
B7;16951;cycle;
B70;4339504;megacoulomb per square metre;MC/m²
B71;4339505;megaelectronvolt;MeV
B72;4339506;megagram per cubic metre;Mg/m³
B73;4339507;meganewton;MN
B74;4339508;meganewton metre;MN·m
B75;4339509;megaohm;M?
B76;4339510;megaohm metre;M?·m
B77;4339511;megasiemens per metre;MS/m
B78;4339512;megavolt;MV
B79;4339513;megavolt per metre;MV/m
B8;16952;joule per cubic metre;J/m³
B80;4339760;gigabit per second;Gbit/s
B81;4339761;reciprocal metre squared reciprocal second;m?²/s
B82;4339762;inch per linear foot;
B83;4339763;metre to the fourth power;m?
B84;4339764;microampere;µA
B85;4339765;microbar;µbar
B86;4339766;microcoulomb;µC
B87;4339767;microcoulomb per cubic metre;µC/m³
B88;4339768;microcoulomb per square metre;µC/m²
B89;4339769;microfarad per metre;µF/m
B90;4340016;microhenry;µH
B91;4340017;microhenry per metre;µH/m
B92;4340018;micronewton;µN
B93;4340019;micronewton metre;µN·m
B94;4340020;microohm;µ?
B95;4340021;microohm metre;µ?·m
B96;4340022;micropascal;µPa
B97;4340023;microradian;µrad
B98;4340024;microsecond;µs
B99;4340025;microsiemens;µS
BAR;4342098;bar [unit of pressure];bar
BB;16962;base box;
BFT;4343380;board foot;fbm
BHP;4343888;brake horse power;BHP
BIL;4344140;billion (EUR);
BLD;4344900;dry barrel (US);bbl (US)
BLL;4344908;barrel (US);barrel (US)
BP;16976;hundred board foot;
BQL;4346188;becquerel;Bq
BTU;4346965;British thermal unit (international table);BtuIT
BUA;4347201;bushel (US);bu (US)
BUI;4347209;bushel (UK);bushel (UK)
C0;17200;call;
C10;4403504;millifarad;mF
C11;4403505;milligal;mGal
C12;4403506;milligram per metre;mg/m
C13;4403507;milligray;mGy
C14;4403508;millihenry;mH
C15;4403509;millijoule;mJ
C16;4403510;millimetre per second;mm/s
C17;4403511;millimetre squared per second;mm²/s
C18;4403512;millimole;mmol
C19;4403513;mole per kilogram;mol/kg
C20;4403760;millinewton;mN
C21;4403761;kibibit;Kibit
C22;4403762;millinewton per metre;mN/m
C23;4403763;milliohm metre;m?·m
C24;4403764;millipascal second;mPa·s
C25;4403765;milliradian;mrad
C26;4403766;millisecond;ms
C27;4403767;millisiemens;mS
C28;4403768;millisievert;mSv
C29;4403769;millitesla;mT
C3;17203;microvolt per metre;µV/m
C30;4404016;millivolt per metre;mV/m
C31;4404017;milliwatt;mW
C32;4404018;milliwatt per square metre;mW/m²
C33;4404019;milliweber;mWb
C34;4404020;mole;mol
C35;4404021;mole per cubic decimetre;mol/dm³
C36;4404022;mole per cubic metre;mol/m³
C37;4404023;kilobit;kbit
C38;4404024;mole per litre;mol/l
C39;4404025;nanoampere;nA
C40;4404272;nanocoulomb;nC
C41;4404273;nanofarad;nF
C42;4404274;nanofarad per metre;nF/m
C43;4404275;nanohenry;nH
C44;4404276;nanohenry per metre;nH/m
C45;4404277;nanometre;nm
C46;4404278;nanoohm metre;n?·m
C47;4404279;nanosecond;ns
C48;4404280;nanotesla;nT
C49;4404281;nanowatt;nW
C50;4404528;neper;Np
C51;4404529;neper per second;Np/s
C52;4404530;picometre;pm
C53;4404531;newton metre second;N·m·s
C54;4404532;newton metre squared per kilogram squared;N·m²/kg²
C55;4404533;newton per square metre;N/m²
C56;4404534;newton per square millimetre;N/mm²
C57;4404535;newton second;N·s
C58;4404536;newton second per metre;N·s/m
C59;4404537;octave;
C60;4404784;ohm centimetre;?·cm
C61;4404785;ohm metre;?·m
C62;4404786;one;1
C63;4404787;parsec;pc
C64;4404788;pascal per kelvin;Pa/K
C65;4404789;pascal second;Pa·s
C66;4404790;pascal second per cubic metre;Pa·s/m³
C67;4404791;pascal second per metre;Pa· s/m
C68;4404792;petajoule;PJ
C69;4404793;phon;
C7;17207;centipoise;cP
C70;4405040;picoampere;pA
C71;4405041;picocoulomb;pC
C72;4405042;picofarad per metre;pF/m
C73;4405043;picohenry;pH
C74;4405044;kilobit per second;kbit/s
C75;4405045;picowatt;pW
C76;4405046;picowatt per square metre;pW/m²
C78;4405048;pound-force;lbf
C79;4405049;kilovolt ampere hour;kVAh
C8;17208;millicoulomb per kilogram;mC/kg
C80;4405296;rad;rad
C81;4405297;radian;rad
C82;4405298;radian square metre per mole;rad·m²/mol
C83;4405299;radian square metre per kilogram;rad·m²/kg
C84;4405300;radian per metre;rad/m
C85;4405301;reciprocal angstrom;Å?¹
C86;4405302;reciprocal cubic metre;m?³
C87;4405303;reciprocal cubic metre per second;m?³/s
C88;4405304;reciprocal electron volt per cubic metre;eV?¹/m³
C89;4405305;reciprocal henry;H?¹
C9;17209;coil group;
C90;4405552;reciprocal joule per cubic metre;J?¹/m³
C91;4405553;reciprocal kelvin or kelvin to the power minus one;K?¹
C92;4405554;reciprocal metre;m?¹
C93;4405555;reciprocal square metre;m?²
C94;4405556;reciprocal minute;min?¹
C95;4405557;reciprocal mole;mol?¹
C96;4405558;reciprocal pascal or pascal to the power minus one;Pa?¹
C97;4405559;reciprocal second;s?¹
C99;4405561;reciprocal second per metre squared;s?¹/m²
CCT;4408148;carrying capacity in metric ton;
CDL;4408396;candela;cd
CEL;4408652;degree Celsius;°C
CEN;4408654;hundred;
CG;17223;card;
CGM;4409165;centigram;cg
CKG;4410183;coulomb per kilogram;C/kg
CLF;4410438;hundred leave;
CLT;4410452;centilitre;cl
CMK;4410699;square centimetre;cm²
CMQ;4410705;cubic centimetre;cm³
CMT;4410708;centimetre;cm
CNP;4410960;hundred pack;
CNT;4410964;cental (UK);
COU;4411221;coulomb;C
CTG;4412487;content gram;
CTM;4412493;metric carat;
CTN;4412494;content ton (metric);
CUR;4412754;curie;Ci
CWA;4413249;hundred pound (cwt) / hundred weight (US);cwt (US)
CWI;4413257;hundred weight (UK);cwt (UK)
D03;4468787;kilowatt hour per hour;kW·h/h
D04;4468788;lot  [unit of weight];
D1;17457;reciprocal second per steradian;s?¹/sr
D10;4469040;siemens per metre;S/m
D11;4469041;mebibit;Mibit
D12;4469042;siemens square metre per mole;S·m²/mol
D13;4469043;sievert;Sv
D15;4469045;sone;
D16;4469046;square centimetre per erg;cm²/erg
D17;4469047;square centimetre per steradian erg;cm²/(sr·erg)
D18;4469048;metre kelvin;m·K
D19;4469049;square metre kelvin per watt;m²·K/W
D2;17458;reciprocal second per steradian metre squared;s?¹/(sr·m²)
D20;4469296;square metre per joule;m²/J
D21;4469297;square metre per kilogram;m²/kg
D22;4469298;square metre per mole;m²/mol
D23;4469299;pen gram (protein);
D24;4469300;square metre per steradian;m²/sr
D25;4469301;square metre per steradian joule;m²/(sr·J)
D26;4469302;square metre per volt second;m²/(V·s)
D27;4469303;steradian;sr
D29;4469305;terahertz;THz
D30;4469552;terajoule;TJ
D31;4469553;terawatt;TW
D32;4469554;terawatt hour;TW·h
D33;4469555;tesla;T
D34;4469556;tex;tex (g/km)
D35;4469557;calorie (thermochemical);calth
D36;4469558;megabit;Mbit
D37;4469559;calorie (thermochemical) per gram kelvin;calth/(g·K)
D38;4469560;calorie (thermochemical) per second centimetre kelvin;calth/(s·cm·K)
D39;4469561;calorie (thermochemical) per second square centimetre kelvin;calth/(s·cm²·K)
D41;4469809;tonne per cubic metre;t/m³
D42;4469810;tropical year;y (tropical)
D43;4469811;unified atomic mass unit;u
D44;4469812;var;var
D45;4469813;volt squared per kelvin squared;V²/K²
D46;4469814;volt - ampere;V·A
D47;4469815;volt per centimetre;V/cm
D48;4469816;volt per kelvin;V/K
D49;4469817;millivolt per kelvin;mV/K
D5;17461;kilogram per square centimetre;kg/cm²
D50;4470064;volt per metre;V/m
D51;4470065;volt per millimetre;V/mm
D52;4470066;watt per kelvin;W/K
D53;4470067;watt per metre kelvin;W/(m·K)
D54;4470068;watt per square metre;W/m²
D55;4470069;watt per square metre kelvin;W/(m²·K)
D56;4470070;watt per square metre kelvin to the fourth power;W/(m²·K?)
D57;4470071;watt per steradian;W/sr
D58;4470072;watt per steradian square metre;W/(sr·m²)
D59;4470073;weber per metre;Wb/m
D6;17462;roentgen per second;R/s
D60;4470320;weber per millimetre;Wb/mm
D61;4470321;minute [unit of angle];'
D62;4470322;second [unit of angle];""""
D63;4470323;book;
D65;4470325;round;
D68;4470328;number of words;
D69;4470329;inch to the fourth power;in?
D70;4470576;calorie (international table) ;calIT
D71;4470577;calorie (international table) per second centimetre kelvin;calIT/(s·cm·K)
D72;4470578;calorie (international table) per second square centimetre kelvin;calIT/(s·cm²·K)
D73;4470579;joule square metre;J·m²
D74;4470580;kilogram per mole;kg/mol
D75;4470581;calorie (international table) per gram;calIT/g
D76;4470582;calorie (international table) per gram kelvin;calIT/(g·K)
D77;4470583;megacoulomb;MC
D78;4470584;megajoule per second;MJ/s
D80;4470832;microwatt;µW
D81;4470833;microtesla;µT
D82;4470834;microvolt;µV
D83;4470835;millinewton metre;mN·m
D85;4470837;microwatt per square metre;µW/m²
D86;4470838;millicoulomb;mC
D87;4470839;millimole per kilogram;mmol/kg
D88;4470840;millicoulomb per cubic metre;mC/m³
D89;4470841;millicoulomb per square metre;mC/m²
D9;17465;dyne per square centimetre;dyn/cm²
D91;4471089;rem;rem
D93;4471091;second per cubic metre;s/m³
D94;4471092;second per cubic metre radian;s/(rad·m³)
D95;4471093;joule per gram;J/g
DAA;4473153;decare;daa
DAD;4473156;ten day;
DAY;4473177;day;d
DB;17474;dry pound;
DD;17476;degree [unit of angle];°
DEC;4474179;decade;
DG;17479;decigram;dg
DJ;17482;decagram;dag
DLT;4475988;decilitre;dl
DMA;4476225;cubic decametre;dam³
DMK;4476235;square decimetre;dm²
DMO;4476239;standard kilolitre;
DMQ;4476241;cubic decimetre;dm³
DMT;4476244;decimetre;dm
DN;17486;decinewton metre;dN·m
DPC;4476995;dozen piece;
DPR;4477010;dozen pair;
DPT;4477012;displacement tonnage;
DRA;4477505;dram (US);
DRI;4477513;dram (UK);
DRL;4477516;dozen roll;
DT;17492;dry ton;
DTN;4478030;decitonne;dt
DU;17493;dyne;dyn
DWT;4478804;pennyweight;
DX;17496;dyne per centimetre;dyn/cm
DZN;4479566;dozen;DOZ
DZP;4479568;dozen pack;
E01;4534321;newton per square centimetre;N/cm²
E07;4534327;megawatt hour per hour;MW·h/h
E08;4534328;megawatt per hertz;MW/Hz
E09;4534329;milliampere hour;mA·h
E10;4534576;degree day;deg da
E11;4534577;gigacalorie;
E12;4534578;mille;
E14;4534580;kilocalorie (international table);kcalIT
E15;4534581;kilocalorie (thermochemical) per hour;kcalth/h
E16;4534582;million Btu(IT) per hour;BtuIT/h
E17;4534583;cubic foot per second;ft³/s
E18;4534584;tonne per hour;t/h
E19;4534585;ping;
E20;4534832;megabit per second;Mbit/s
E21;4534833;shares;
E22;4534834;TEU;
E23;4534835;tyre;
E25;4534837;active unit;
E27;4534839;dose;
E28;4534840;air dry ton;
E30;4535088;strand;
E31;4535089;square metre per litre;m²/l
E32;4535090;litre per hour;l/h
E33;4535091;foot per thousand;
E34;4535092;gigabyte;Gbyte
E35;4535093;terabyte;Tbyte
E36;4535094;petabyte;Pbyte
E37;4535095;pixel;
E38;4535096;megapixel;
E39;4535097;dots per inch;dpi
E4;17716;gross kilogram;
E40;4535344;part per hundred thousand;ppht
E41;4535345;kilogram-force per square millimetre;kgf·m/cm²
E42;4535346;kilogram-force per square centimetre;kgf/cm²
E43;4535347;joule per square centimetre;J/cm²
E44;4535348;kilogram-force metre per square centimetre;kgf·m/cm²
E45;4535349;milliohm;m?
E46;4535350;kilowatt hour per cubic metre;kW·h/m³
E47;4535351;kilowatt hour per kelvin;kW·h/K
E48;4535352;service unit;
E49;4535353;working day;
E50;4535600;accounting unit;
E51;4535601;job;
E52;4535602;run foot;
E53;4535603;test;
E54;4535604;trip;
E55;4535605;use;
E56;4535606;well;
E57;4535607;zone;
E58;4535608;exabit per second;Ebit/s
E59;4535609;exbibyte;Eibyte
E60;4535856;pebibyte;Pibyte
E61;4535857;tebibyte;Tibyte
E62;4535858;gibibyte;Gibyte
E63;4535859;mebibyte;Mibyte
E64;4535860;kibibyte;Kibyte
E65;4535861;exbibit per metre;Eibit/m
E66;4535862;exbibit per square metre;Eibit/m²
E67;4535863;exbibit per cubic metre;Eibit/m³
E68;4535864;gigabyte per second;Gbyte/s
E69;4535865;gibibit per metre;Gibit/m
E70;4536112;gibibit per square metre;Gibit/m²
E71;4536113;gibibit per cubic metre;Gibit/m³
E72;4536114;kibibit per metre;Kibit/m
E73;4536115;kibibit per square metre;Kibit/m²
E74;4536116;kibibit per cubic metre;Kibit/m³
E75;4536117;mebibit per metre;Mibit/m
E76;4536118;mebibit per square metre;Mibit/m²
E77;4536119;mebibit per cubic metre;Mibit/m³
E78;4536120;petabit;Pbit
E79;4536121;petabit per second;Pbit/s
E80;4536368;pebibit per metre;Pibit/m
E81;4536369;pebibit per square metre;Pibit/m²
E82;4536370;pebibit per cubic metre;Pibit/m³
E83;4536371;terabit;Tbit
E84;4536372;terabit per second;Tbit/s
E85;4536373;tebibit per metre;Tibit/m
E86;4536374;tebibit per cubic metre;Tibit/m³
E87;4536375;tebibit per square metre;Tibit/m²
E88;4536376;bit per metre;bit/m
E89;4536377;bit per square metre;bit/m²
E90;4536624;reciprocal centimetre;cm?¹
E91;4536625;reciprocal day;d?¹
E92;4536626;cubic decimetre per hour;dm³/h
E93;4536627;kilogram per hour;kg/h
E94;4536628;kilomole per second;kmol/s
E95;4536629;mole per second;mol/s
E96;4536630;degree per second;°/s
E97;4536631;millimetre per degree Celcius metre;mm/(°C·m)
E98;4536632;degree Celsius per kelvin;°C/K
E99;4536633;hectopascal per bar;hPa/bar
EA;17729;each;
EB;17730;electronic mail box;
EQ;17745;equivalent gallon;
F01;4599857;bit per cubic metre;bit/m³
F02;4599858;kelvin per kelvin;K/K
F03;4599859;kilopascal per bar;kPa/bar
F04;4599860;millibar per bar;mbar/bar
F05;4599861;megapascal per bar;MPa/bar
F06;4599862;poise per bar;P/bar
F07;4599863;pascal per bar;Pa/bar
F08;4599864;milliampere per inch;mA/in
F10;4600112;kelvin per hour;K/h
F11;4600113;kelvin per minute;K/min
F12;4600114;kelvin per second;K/s
F13;4600115;slug;slug
F14;4600116;gram per kelvin;g/K
F15;4600117;kilogram per kelvin;kg/K
F16;4600118;milligram per kelvin;mg/K
F17;4600119;pound-force per foot;lbf/ft
F18;4600120;kilogram square centimetre;kg·cm²
F19;4600121;kilogram square millimetre;kg·mm²
F20;4600368;pound inch squared;lb·in²
F21;4600369;pound-force inch;lbf·in
F22;4600370;pound-force foot per ampere;lbf·ft/A
F23;4600371;gram per cubic decimetre;g/dm³
F24;4600372;kilogram per kilomol;kg/kmol
F25;4600373;gram per hertz;g/Hz
F26;4600374;gram per day;g/d
F27;4600375;gram per hour;g/h
F28;4600376;gram per minute;g/min
F29;4600377;gram per second;g/s
F30;4600624;kilogram per day;kg/d
F31;4600625;kilogram per minute;kg/min
F32;4600626;milligram per day;mg/d
F33;4600627;milligram per minute;mg/min
F34;4600628;milligram per second;mg/s
F35;4600629;gram per day kelvin;g/(d·K)
F36;4600630;gram per hour kelvin;g/(h·K)
F37;4600631;gram per minute kelvin;g/(min·K)
F38;4600632;gram per second kelvin;g/(s·K)
F39;4600633;kilogram per day kelvin;kg/(d·K)
F40;4600880;kilogram per hour kelvin;kg/(h·K)
F41;4600881;kilogram per minute kelvin;kg/(min·K)
F42;4600882;kilogram per second kelvin;kg/(s·K)
F43;4600883;milligram per day kelvin;mg/(d·K)
F44;4600884;milligram per hour kelvin;mg/(h·K)
F45;4600885;milligram per minute kelvin;mg/(min·K)
F46;4600886;milligram per second kelvin;mg/(s·K)
F47;4600887;newton per millimetre;N/mm
F48;4600888;pound-force per inch;lbf/in
F49;4600889;rod [unit of distance];rd (US)
F50;4601136;micrometre per kelvin;µm/K
F51;4601137;centimetre per kelvin;cm/K
F52;4601138;metre per kelvin;m/K
F53;4601139;millimetre per kelvin;mm/K
F54;4601140;milliohm per metre;m?/m
F55;4601141;ohm per mile (statute mile);?/mi
F56;4601142;ohm per kilometre;?/km
F57;4601143;milliampere per pound-force per square inch;mA/(lbf/in²)
F58;4601144;reciprocal bar;1/bar
F59;4601145;milliampere per bar;mA/bar
F60;4601392;degree Celsius per bar;°C/bar
F61;4601393;kelvin per bar;K/bar
F62;4601394;gram per day bar;g/(d·bar)
F63;4601395;gram per hour bar;g/(h·bar)
F64;4601396;gram per minute bar;g/(min·bar)
F65;4601397;gram per second bar;g/(s·bar)
F66;4601398;kilogram per day bar;kg/(d·bar)
F67;4601399;kilogram per hour bar;kg/(h·bar)
F68;4601400;kilogram per minute bar;kg/(min·bar)
F69;4601401;kilogram per second bar;kg/(s·bar)
F70;4601648;milligram per day bar;mg/(d·bar)
F71;4601649;milligram per hour bar;mg/(h·bar)
F72;4601650;milligram per minute bar;mg/(min·bar)
F73;4601651;milligram per second bar;mg/(s·bar)
F74;4601652;gram per bar;g/bar
F75;4601653;milligram per bar;mg/bar
F76;4601654;milliampere per millimetre;mA/mm
F77;4601655;pascal second per kelvin;Pa.s/K
F78;4601656;inch of water;inH?O
F79;4601657;inch of mercury;inHg
F80;4601904;water horse power;
F81;4601905;bar per kelvin;bar/K
F82;4601906;hectopascal per kelvin;hPa/K
F83;4601907;kilopascal per kelvin;kPa/K
F84;4601908;millibar per kelvin;mbar/K
F85;4601909;megapascal per kelvin;MPa/K
F86;4601910;poise per kelvin;P/K
F87;4601911;volt per litre minute;V/(l·min)
F88;4601912;newton centimetre;N·cm
F89;4601913;newton metre per degree;Nm/°
F90;4602160;newton metre per ampere;N·m/A
F91;4602161;bar litre per second;bar·l/s
F92;4602162;bar cubic metre per second;bar·m³/s
F93;4602163;hectopascal litre per second;hPa·l/s
F94;4602164;hectopascal cubic metre per second;hPa·m³/s
F95;4602165;millibar litre per second;mbar·l/s
F96;4602166;millibar cubic metre per second;mbar·m³/s
F97;4602167;megapascal litre per second;MPa·l/s
F98;4602168;megapascal cubic metre per second;MPa·m³/s
F99;4602169;pascal litre per second;Pa·l/s
FAH;4604232;degree Fahrenheit;°F
FAR;4604242;farad;F
FBM;4604493;fibre metre;
FC;17987;thousand cubic foot;kft³
FF;17990;hundred cubic metre;
FH;17992;micromole;µmol
FIT;4606292;failures in time;FIT
FL;17996;flake ton;
FOT;4607828;foot;ft
FP;18000;pound per square foot;lb/ft²
FR;18002;foot per minute;ft/min
FS;18003;foot per second;ft/s
FTK;4609099;square foot;ft²
FTQ;4609105;cubic foot;ft³
G01;4665393;pascal cubic metre per second;Pa·m³/s
G04;4665396;centimetre per bar;cm/bar
G05;4665397;metre per bar;m/bar
G06;4665398;millimetre per bar;mm/bar
G08;4665400;square inch per second;in²/s
G09;4665401;square metre per second kelvin;m²/(s·K)
G10;4665648;stokes per kelvin;St/K
G11;4665649;gram per cubic centimetre bar;g/(cm³·bar)
G12;4665650;gram per cubic decimetre bar;g/(dm³·bar)
G13;4665651;gram per litre bar;g/(l·bar)
G14;4665652;gram per cubic metre bar;g/(m³·bar)
G15;4665653;gram per millilitre bar;g/(ml·bar)
G16;4665654;kilogram per cubic centimetre bar;kg/(cm³·bar)
G17;4665655;kilogram per litre bar;kg/(l·bar)
G18;4665656;kilogram per cubic metre bar;kg/(m³·bar)
G19;4665657;newton metre per kilogram;N·m/kg
G2;18226;US gallon per minute;gal (US) /min
G20;4665904;pound-force foot per pound;lbf·ft/lb
G21;4665905;cup [unit of volume];cup (US)
G23;4665907;peck;pk (US)
G24;4665908;tablespoon (US);tablespoon (US)
G25;4665909;teaspoon (US);teaspoon (US)
G26;4665910;stere;st
G27;4665911;cubic centimetre per kelvin;cm³/K
G28;4665912;litre per kelvin;l/K
G29;4665913;cubic metre per kelvin;m³/K
G3;18227;Imperial gallon per minute;gal (UK) /min
G30;4666160;millilitre per kelvin;ml/K
G31;4666161;kilogram per cubic centimetre;kg/cm³
G32;4666162;ounce (avoirdupois) per cubic yard;oz/yd³
G33;4666163;gram per cubic centimetre kelvin;g/(cm³·K)
G34;4666164;gram per cubic decimetre kelvin;g/(dm³·K)
G35;4666165;gram per litre kelvin;g/(l·K)
G36;4666166;gram per cubic metre kelvin;g/(m³·K)
G37;4666167;gram per millilitre kelvin;g/(ml·K)
G38;4666168;kilogram per cubic centimetre kelvin;kg/(cm³·K)
G39;4666169;kilogram per litre kelvin;kg/(l·K)
G40;4666416;kilogram per cubic metre kelvin;kg/(m³·K)
G41;4666417;square metre per second bar;m²/(s·bar)
G42;4666418;microsiemens per centimetre;µS/cm
G43;4666419;microsiemens per metre;µS/m
G44;4666420;nanosiemens per centimetre;nS/cm
G45;4666421;nanosiemens per metre;nS/m
G46;4666422;stokes per bar;St/bar
G47;4666423;cubic centimetre per day;cm³/d
G48;4666424;cubic centimetre per hour;cm³/h
G49;4666425;cubic centimetre per minute;cm³/min
G50;4666672;gallon (US) per hour;gal/h
G51;4666673;litre per second;l/s
G52;4666674;cubic metre per day;m³/d
G53;4666675;cubic metre per minute;m³/min
G54;4666676;millilitre per day;ml/d
G55;4666677;millilitre per hour;ml/h
G56;4666678;cubic inch per hour;in³/h
G57;4666679;cubic inch per minute;in³/min
G58;4666680;cubic inch per second;in³/s
G59;4666681;milliampere per litre minute;mA/(l·min)
G60;4666928;volt per bar;V/bar
G61;4666929;cubic centimetre per day kelvin;cm³/(d·K)
G62;4666930;cubic centimetre per hour kelvin;cm³/(h·K)
G63;4666931;cubic centimetre per minute kelvin;cm³/(min·K)
G64;4666932;cubic centimetre per second kelvin;cm³/(s·K)
G65;4666933;litre per day kelvin;l/(d·K)
G66;4666934;litre per hour kelvin;l/(h·K)
G67;4666935;litre per minute kelvin;l/(min·K)
G68;4666936;litre per second kelvin;l/(s·K)
G69;4666937;cubic metre per day kelvin;m³/(d·K)
G70;4667184;cubic metre per hour kelvin;m³/(h·K)
G71;4667185;cubic metre per minute kelvin;m³/(min·K)
G72;4667186;cubic metre per second kelvin;m³/(s·K)
G73;4667187;millilitre per day kelvin;ml/(d·K)
G74;4667188;millilitre per hour kelvin;ml/(h·K)
G75;4667189;millilitre per minute kelvin;ml/(min·K)
G76;4667190;millilitre per second kelvin;ml/(s·K)
G77;4667191;millimetre to the fourth power;mm?
G78;4667192;cubic centimetre per day bar;cm³/(d·bar)
G79;4667193;cubic centimetre per hour bar;cm³/(h·bar)
G80;4667440;cubic centimetre per minute bar;cm³/(min·bar)
G81;4667441;cubic centimetre per second bar;cm³/(s·bar)
G82;4667442;litre per day bar;l/(d·bar)
G83;4667443;litre per hour bar;l/(h·bar)
G84;4667444;litre per minute bar;l/(min·bar)
G85;4667445;litre per second bar;l/(s·bar)
G86;4667446;cubic metre per day bar;m³/(d·bar)
G87;4667447;cubic metre per hour bar;m³/(h·bar)
G88;4667448;cubic metre per minute bar;m³/(min·bar)
G89;4667449;cubic metre per second bar;m³/(s·bar)
G90;4667696;millilitre per day bar;ml/(d·bar)
G91;4667697;millilitre per hour bar;ml/(h·bar)
G92;4667698;millilitre per minute bar;ml/(min·bar)
G93;4667699;millilitre per second bar;ml/(s·bar)
G94;4667700;cubic centimetre per bar;cm³/bar
G95;4667701;litre per bar;l/bar
G96;4667702;cubic metre per bar;m³/bar
G97;4667703;millilitre per bar;ml/bar
G98;4667704;microhenry per kiloohm;µH/k?
G99;4667705;microhenry per ohm;µH/?
GB;18242;gallon (US) per day;gal (US)/d
GBQ;4670033;gigabecquerel;GBq
GDW;4670551;gram, dry weight;
GE;18245;pound per gallon (US);lb/gal (US)
GF;18246;gram per metre (gram per 100 centimetres);g/m
GFI;4671049;gram of fissile isotope;gi F/S
GGR;4671314;great gross;
GIA;4671809;gill (US);gi (US)
GIC;4671811;gram, including container;
GII;4671817;gill (UK);gi (UK)
GIP;4671824;gram, including inner packaging;
GJ;18250;gram per millilitre;g/ml
GL;18252;gram per litre;g/l
GLD;4672580;dry gallon (US);dry gal (US)
GLI;4672585;gallon (UK);gal (UK)
GLL;4672588;gallon (US);gal (US)
GM;18253;gram per square metre;g/m²
GO;18255;milligram per square metre;mg/m²
GP;18256;milligram per cubic metre;mg/m³
GQ;18257;microgram per cubic metre;µg/m³
GRM;4674125;gram;g
GRN;4674126;grain;gr
GRO;4674127;gross;gr
GRT;4674132;gross register ton;
GT;18260;gross ton;
GV;18262;gigajoule;GJ
GWH;4675400;gigawatt hour;GW·h
H03;4730931;henry per kiloohm;H/k?
H04;4730932;henry per ohm;H/?
H05;4730933;millihenry per kiloohm;mH/k?
H06;4730934;millihenry per ohm;mH/?
H07;4730935;pascal second per bar;Pa·s/bar
H08;4730936;microbecquerel;µBq
H09;4730937;reciprocal year;1/y
H10;4731184;reciprocal hour;1/h
H11;4731185;reciprocal month;1/mo
H12;4731186;degree Celsius per hour;°C/h
H13;4731187;degree Celsius per minute;°C/min
H14;4731188;degree Celsius per second;°C/s
H15;4731189;square centimetre per gram;cm²/g
H16;4731190;square decametre;dam²
H18;4731192;square hectometre;hm²
H19;4731193;cubic hectometre;hm³
H20;4731440;cubic kilometre;km³
H21;4731441;blank;
H22;4731442;volt square inch per pound-force;V/(lbf/in²)
H23;4731443;volt per inch;V/in
H24;4731444;volt per microsecond;V/µs
H25;4731445;percent per kelvin;%/K
H26;4731446;ohm per metre;?/m
H27;4731447;degree per metre;°/m
H28;4731448;microfarad per kilometre;µF/km
H29;4731449;microgram per litre;µg/l
H30;4731696;square micrometre (square micron);µm²
H31;4731697;ampere per kilogram;A/kg
H32;4731698;ampere squared second;A²·s
H33;4731699;farad per kilometre;F/km
H34;4731700;hertz metre;Hz·m
H35;4731701;kelvin metre per watt;K·m/W
H36;4731702;megaohm per kilometre;M?/km
H37;4731703;megaohm per metre;M?/m
H38;4731704;megaampere;MA
H39;4731705;megahertz kilometre;MHz·km
H40;4731952;newton per ampere;N/A
H41;4731953;newton metre watt to the power minus 0,5;'N·m·W????
H42;4731954;pascal per metre;Pa/m
H43;4731955;siemens per centimetre;S/cm
H44;4731956;teraohm;T?
H45;4731957;volt second per metre;V·s/m
H46;4731958;volt per second;V/s
H47;4731959;watt per cubic metre;W/m³
H48;4731960;attofarad;aF
H49;4731961;centimetre per hour;cm/h
H50;4732208;reciprocal cubic centimetre;cm?³
H51;4732209;decibel per kilometre;dB/km
H52;4732210;decibel per metre;dB/m
H53;4732211;kilogram per bar;kg/bar
H54;4732212;kilogram per cubic decimetre kelvin;(kg/dm³)/K
H55;4732213;kilogram per cubic decimetre bar;(kg/dm³)/bar
H56;4732214;kilogram per square metre second;kg/(m²·s)
H57;4732215;inch per two pi radiant;in/revolution
H58;4732216;metre per volt second;m/(V·s)
H59;4732217;square metre per newton;m²/N
H60;4732464;cubic metre per cubic metre;m³/m³
H61;4732465;millisiemens per centimetre;mS/cm
H62;4732466;millivolt per minute;mV/min
H63;4732467;milligram per square centimetre;mg/cm²
H64;4732468;milligram per gram;mg/g
H65;4732469;millilitre per cubic metre;ml/m³
H66;4732470;millimetre per year;mm/y
H67;4732471;millimetre per hour;mm/h
H68;4732472;millimole per gram;mmol/g
H69;4732473;picopascal per kilometre;pPa/km
H70;4732720;picosecond;ps
H71;4732721;percent per month;%/mo
H72;4732722;percent per hectobar;%/hbar
H73;4732723;percent per decakelvin;%/daK
H74;4732724;watt per metre;W/m
H75;4732725;decapascal;daPa
H76;4732726;gram per millimetre;g/mm
H77;4732727;module width;MW
H78;4732728;conventional centimetre of water;cm H?O
H79;4732729;French gauge;Fg
H80;4732976;rack unit;U
H81;4732977;millimetre per minute;mm/min
H82;4732978;big point;bp
H83;4732979;litre per kilogram;l/kg
H84;4732980;gram millimetre;g·mm
H85;4732981;reciprocal week;1/wk
H87;4732983;piece;
H88;4732984;megaohm kilometre;M?·km
H89;4732985;percent per ohm;%/?
H90;4733232;percent per degree;%/°
H91;4733233;percent per ten thousand;%/10000
H92;4733234;percent per one hundred thousand;%/100000
H93;4733235;percent per hundred;%/100
H94;4733236;percent per thousand;%/1000
H95;4733237;percent per volt;%/V
H96;4733238;percent per bar;%/bar
H98;4733240;percent per inch;%/in
H99;4733241;percent per metre;%/m
HA;18497;hank;
HAR;4735314;hectare;ha
HBA;4735553;hectobar;hbar
HBX;4735576;hundred boxes;
HC;18499;hundred count;
HDW;4736087;hundred kilogram, dry weight;
HEA;4736321;head;
HGM;4736845;hectogram;hg
HH;18504;hundred cubic foot;
HIU;4737365;hundred international unit;
HJ;18506;metric horse power;metric hp
HKM;4737869;hundred kilogram, net mass;
HLT;4738132;hectolitre;hl
HM;18509;mile per hour (statute mile);mile/h
HMQ;4738385;million cubic metre;Mm³
HMT;4738388;hectometre;hm
HN;18510;conventional millimetre of mercury;mm Hg
HP;18512;conventional millimetre of water;mm H?O
HPA;4739137;hectolitre of pure alcohol;
HTZ;4740186;hertz;Hz
HUR;4740434;hour;h
IA;18753;inch pound (pound inch);in·lb
IE;18757;person;
INH;4804168;inch;in
INK;4804171;square inch;in²
INQ;4804177;cubic inch;in³
ISD;4805444;international sugar degree;
IU;18773;inch per second;in/s
IV;18774;inch per second squared;in/s²
J10;4862256;percent per millimetre;%/mm
J12;4862258;per mille per psi;‰/psi
J13;4862259;degree API;°API
J14;4862260;degree Baume (origin scale);°Bé
J15;4862261;degree Baume (US heavy);°Bé (US heavy)
J16;4862262;degree Baume (US light);°Bé (US light)
J17;4862263;degree Balling;°Balling
J18;4862264;degree Brix;°Bx
J19;4862265;degree Fahrenheit hour square foot per British thermal unit (thermochemical);°F·h·ft²/Btuth
J2;18994;joule per kilogram;J/kg
J20;4862512;degree Fahrenheit per kelvin;°F/K
J21;4862513;degree Fahrenheit per bar;°F/bar
J22;4862514;degree Fahrenheit hour square foot per British thermal unit (international table);°F·h·ft²/BtuIT
J23;4862515;degree Fahrenheit per hour;°F/h
J24;4862516;degree Fahrenheit per minute;°F/min
J25;4862517;degree Fahrenheit per second;°F/s
J26;4862518;reciprocal degree Fahrenheit;1/°F
J27;4862519;degree Oechsle;°Oechsle
J28;4862520;degree Rankine per hour;°R/h
J29;4862521;degree Rankine per minute;°R/min
J30;4862768;degree Rankine per second;°R/s
J31;4862769;degree Twaddell;°Tw
J32;4862770;micropoise;µP
J33;4862771;microgram per kilogram;µg/kg
J34;4862772;microgram per cubic metre kelvin;(µg/m³)/K
J35;4862773;microgram per cubic metre bar;(µg/m³)/bar
J36;4862774;microlitre per litre;µl/l
J38;4862776;baud;Bd
J39;4862777;British thermal unit (mean);Btu
J40;4863024;British thermal unit (international table) foot per hour square foot degree Fahrenheit;BtuIT·ft/(h·ft²·°F)
J41;4863025;British thermal unit (international table) inch per hour square foot degree Fahrenheit;BtuIT·in/(h·ft²·°F)
J42;4863026;British thermal unit (international table) inch per second square foot degree Fahrenheit;BtuIT·in/(s·ft²·°F)
J43;4863027;British thermal unit (international table) per pound degree Fahrenheit;BtuIT/(lb·°F)
J44;4863028;British thermal unit (international table) per minute;BtuIT/min
J45;4863029;British thermal unit (international table) per second;BtuIT/s
J46;4863030;British thermal unit (thermochemical) foot per hour square foot degree Fahrenheit;Btuth·ft/(h·ft²·°F)
J47;4863031;British thermal unit (thermochemical) per hour;Btuth/h
J48;4863032;British thermal unit (thermochemical) inch per hour square foot degree Fahrenheit;Btuth·in/(h·ft²·°F)
J49;4863033;British thermal unit (thermochemical) inch per second square foot degree Fahrenheit;Btuth·in/(s·ft²·°F)
J50;4863280;British thermal unit (thermochemical) per pound degree Fahrenheit;Btuth/(lb·°F)
J51;4863281;British thermal unit (thermochemical) per minute;Btuth/min
J52;4863282;British thermal unit (thermochemical) per second;Btuth/s
J53;4863283;coulomb square metre per kilogram;C·m²/kg
J54;4863284;megabaud;MBd
J55;4863285;watt second;W·s
J56;4863286;bar per bar;bar/bar
J57;4863287;barrel (UK petroleum);bbl (UK liq.)
J58;4863288;barrel (UK petroleum) per minute;bbl (UK liq.)/min
J59;4863289;barrel (UK petroleum) per day;bbl (UK liq.)/d
J60;4863536;barrel (UK petroleum) per hour;bbl (UK liq.)/h
J61;4863537;barrel (UK petroleum) per second;bbl (UK liq.)/s
J62;4863538;barrel (US petroleum) per hour;bbl (US)/h
J63;4863539;barrel (US petroleum) per second;bbl (US)/s
J64;4863540;bushel (UK) per day;bu (UK)/d
J65;4863541;bushel (UK) per hour;bu (UK)/h
J66;4863542;bushel (UK) per minute;bu (UK)/min
J67;4863543;bushel (UK) per second;bu (UK)/s
J68;4863544;bushel (US dry) per day;bu (US dry)/d
J69;4863545;bushel (US dry) per hour;bu (US dry)/h
J70;4863792;bushel (US dry) per minute;bu (US dry)/min
J71;4863793;bushel (US dry) per second;bu (US dry)/s
J72;4863794;centinewton metre;cN·m
J73;4863795;centipoise per kelvin;cP/K
J74;4863796;centipoise per bar;cP/bar
J75;4863797;calorie (mean);cal
J76;4863798;calorie (international table) per gram degree Celsius;calIT/(g·°C)
J78;4863800;calorie (thermochemical) per centimetre second degree Celsius;calth/(cm·s·°C)
J79;4863801;calorie (thermochemical) per gram degree Celsius;calth/(g·°C)
J81;4864049;calorie (thermochemical) per minute;calth/min
J82;4864050;calorie (thermochemical) per second;calth/s
J83;4864051;clo;clo
J84;4864052;centimetre per second kelvin;(cm/s)/K
J85;4864053;centimetre per second bar;(cm/s)/bar
J87;4864055;cubic centimetre per cubic metre;cm³/m³
J89;4864057;centimetre of mercury;cm Hg
J90;4864304;cubic decimetre per day;dm³/d
J91;4864305;cubic decimetre per cubic metre;dm³/m³
J92;4864306;cubic decimetre per minute;dm³/min
J93;4864307;cubic decimetre per second;dm³/s
J94;4864308;dyne centimetre;dyn·cm
J95;4864309;ounce (UK fluid) per day;fl oz (UK)/d
J96;4864310;ounce (UK fluid) per hour;fl oz (UK)/h
J97;4864311;ounce (UK fluid) per minute;fl oz (UK)/min
J98;4864312;ounce (UK fluid) per second;fl oz (UK)/s
J99;4864313;ounce (US fluid) per day;fl oz (US)/d
JE;19013;joule per kelvin;J/K
JK;19019;megajoule per kilogram;MJ/kg
JM;19021;megajoule per cubic metre;MJ/m³
JNT;4869716;pipeline joint;
JOU;4869973;joule;J
JPS;4870227;hundred metre;
JWL;4872012;number of jewels;
K1;19249;kilowatt demand;
K10;4927792;ounce (US fluid) per hour;fl oz (US)/h
K11;4927793;ounce (US fluid) per minute;fl oz (US)/min
K12;4927794;ounce (US fluid) per second;fl oz (US)/s
K13;4927795;foot per degree Fahrenheit;ft/°F
K14;4927796;foot per hour;ft/h
K15;4927797;foot pound-force per hour;ft·lbf/h
K16;4927798;foot pound-force per minute;ft·lbf/min
K17;4927799;foot per psi;ft/psi
K18;4927800;foot per second degree Fahrenheit;(ft/s)/°F
K19;4927801;foot per second psi;(ft/s)/psi
K2;19250;kilovolt ampere reactive demand;
K20;4928048;reciprocal cubic foot;1/ft³
K21;4928049;cubic foot per degree Fahrenheit;ft³/°F
K22;4928050;cubic foot per day;ft³/d
K23;4928051;cubic foot per psi;ft³/psi
K24;4928052;foot of water;ft H?O
K25;4928053;foot of mercury;ft Hg
K26;4928054;gallon (UK) per day;gal (UK)/d
K27;4928055;gallon (UK) per hour;gal (UK)/h
K28;4928056;gallon (UK) per second;gal (UK)/s
K3;19251;kilovolt ampere reactive hour;kvar·h
K30;4928304;gallon (US liquid) per second;gal (US liq.)/s
K31;4928305;gram-force per square centimetre;gf/cm²
K32;4928306;gill (UK) per day;gi (UK)/d
K33;4928307;gill (UK) per hour;gi (UK)/h
K34;4928308;gill (UK) per minute;gi (UK)/min
K35;4928309;gill (UK) per second;gi (UK)/s
K36;4928310;gill (US) per day;gi (US)/d
K37;4928311;gill (US) per hour;gi (US)/h
K38;4928312;gill (US) per minute;gi (US)/min
K39;4928313;gill (US) per second;gi (US)/s
K40;4928560;standard acceleration of free fall;gn
K41;4928561;grain per gallon (US);gr/gal (US)
K42;4928562;horsepower (boiler);boiler hp
K43;4928563;horsepower (electric);electric hp
K45;4928565;inch per degree Fahrenheit;in/°F
K46;4928566;inch per psi;in/psi
K47;4928567;inch per second degree Fahrenheit;(in/s)/°F
K48;4928568;inch per second psi;(in/s)/psi
K49;4928569;reciprocal cubic inch;1/in³
K5;19253;kilovolt ampere (reactive);kvar
K50;4928816;kilobaud;kBd
K51;4928817;kilocalorie (mean);kcal
K52;4928818;kilocalorie (international table) per hour metre degree Celsius;kcal/(m·h·°C)
K53;4928819;kilocalorie (thermochemical);kcalth
K54;4928820;kilocalorie (thermochemical) per minute;kcalth/min
K55;4928821;kilocalorie (thermochemical) per second;kcalth/s
K58;4928824;kilomole per hour;kmol/h
K59;4928825;kilomole per cubic metre kelvin;(kmol/m³)/K
K6;19254;kilolitre;kl
K60;4929072;kilomole per cubic metre bar;(kmol/m³)/bar
K61;4929073;kilomole per minute;kmol/min
K62;4929074;litre per litre;l/l
K63;4929075;reciprocal litre;1/l
K64;4929076;pound (avoirdupois) per degree Fahrenheit;lb/°F
K65;4929077;pound (avoirdupois) square foot;lb·ft²
K66;4929078;pound (avoirdupois) per day;lb/d
K67;4929079;pound per foot hour;lb/(ft·h)
K68;4929080;pound per foot second;lb/(ft·s)
K69;4929081;pound (avoirdupois) per cubic foot degree Fahrenheit;(lb/ft³)/°F
K70;4929328;pound (avoirdupois) per cubic foot psi;(lb/ft³)/psi
K71;4929329;pound (avoirdupois) per gallon (UK);lb/gal (UK)
K73;4929331;pound (avoirdupois) per hour degree Fahrenheit;(lb/h)/°F
K74;4929332;pound (avoirdupois) per hour psi;(lb/h)/psi
K75;4929333;pound (avoirdupois) per cubic inch degree Fahrenheit;(lb/in³)/°F
K76;4929334;pound (avoirdupois) per cubic inch psi;(lb/in³)/psi
K77;4929335;pound (avoirdupois) per psi;lb/psi
K78;4929336;pound (avoirdupois) per minute;lb/min
K79;4929337;pound (avoirdupois) per minute degree Fahrenheit;lb/(min·°F)
K80;4929584;pound (avoirdupois) per minute psi;(lb/min)/psi
K81;4929585;pound (avoirdupois) per second;lb/s
K82;4929586;pound (avoirdupois) per second degree Fahrenheit;(lb/s)/°F
K83;4929587;pound (avoirdupois) per second psi;(lb/s)/psi
K84;4929588;pound per cubic yard;lb/yd³
K85;4929589;pound-force per square foot;lbf/ft²
K86;4929590;pound-force per square inch degree Fahrenheit;psi/°F
K87;4929591;psi cubic inch per second;psi·in³/s
K88;4929592;psi litre per second;psi·l/s
K89;4929593;psi cubic metre per second;psi·m³/s
K90;4929840;psi cubic yard per second;psi·yd³/s
K91;4929841;pound-force second per square foot;lbf·s/ft²
K92;4929842;pound-force second per square inch;lbf·s/in²
K93;4929843;reciprocal psi;1/psi
K94;4929844;quart (UK liquid) per day;qt (UK liq.)/d
K95;4929845;quart (UK liquid) per hour;qt (UK liq.)/h
K96;4929846;quart (UK liquid) per minute;qt (UK liq.)/min
K97;4929847;quart (UK liquid) per second;qt (UK liq.)/s
K98;4929848;quart (US liquid) per day;qt (US liq.)/d
K99;4929849;quart (US liquid) per hour;qt (US liq.)/h
KA;19265;cake;
KAT;4931924;katal;kat
KB;19266;kilocharacter;
KBA;4932161;kilobar;kbar
KCC;4932419;kilogram of choline chloride;'kg C? H??ClNO
KDW;4932695;kilogram drained net weight;kg/net eda
KEL;4932940;kelvin;K
KGM;4933453;kilogram;kg
KGS;4933459;kilogram per second;kg/s
KHY;4933721;kilogram of hydrogen peroxide;kg H?O?
KHZ;4933722;kilohertz;kHz
KI;19273;kilogram per millimetre width;
KIC;4933955;kilogram, including container;
KIP;4933968;kilogram, including inner packaging;
KJ;19274;kilosegment;
KJO;4934223;kilojoule;kJ
KL;19276;kilogram per metre;kg/m
KLK;4934731;lactic dry material percentage;
KLX;4934744;kilolux;klx
KMA;4934977;kilogram of methylamine;kg met.am.
KMH;4934984;kilometre per hour;km/h
KMK;4934987;square kilometre;km²
KMQ;4934993;kilogram per cubic metre;kg/m³
KMT;4934996;kilometre;km
KNI;4935241;kilogram of nitrogen;kg N
KNS;4935251;kilogram named substance;
KNT;4935252;knot;kn
KO;19279;milliequivalence caustic potash per gram of product;
KPA;4935745;kilopascal;kPa
KPH;4935752;kilogram of potassium hydroxide (caustic potash);kg KOH
KPO;4935759;kilogram of potassium oxide;kg K?O
KPP;4935760;kilogram of phosphorus pentoxide (phosphoric anhydride);
KR;19282;kiloroentgen;kR
KSD;4936516;kilogram of substance 90 % dry;kg 90 % sdt
KSH;4936520;kilogram of sodium hydroxide (caustic soda);kg NaOH
KT;19284;kit;
KTN;4936782;kilotonne;kt
KUR;4937042;kilogram of uranium;kg U
KVA;4937281;kilovolt - ampere;kV·A
KVR;4937298;kilovar;kvar
KVT;4937300;kilovolt;kV
KW;19287;kilogram per millimetre;kg/mm
KWH;4937544;kilowatt hour;kW·h
KWO;4937551;kilogram of tungsten trioxide;kg WO?
KWT;4937556;kilowatt;kW
KX;19288;millilitre per kilogram;ml/kg
L10;4993328;quart (US liquid) per minute;qt (US liq.)/min
L11;4993329;quart (US liquid) per second;qt (US liq.)/s
L12;4993330;metre per second kelvin;(m/s)/K
L13;4993331;metre per second bar;(m/s)/bar
L14;4993332;square metre hour degree Celsius per kilocalorie (international table);m²·h·°C/kcal
L15;4993333;millipascal second per kelvin;mPa·s/K
L16;4993334;millipascal second per bar;mPa·s/bar
L17;4993335;milligram per cubic metre kelvin;(mg/m³)/K
L18;4993336;milligram per cubic metre bar;(mg/m³)/bar
L19;4993337;millilitre per litre;ml/l
L2;19506;litre per minute;l/min
L20;4993584;reciprocal cubic millimetre;1/mm³
L21;4993585;cubic millimetre per cubic metre;mm³/m³
L23;4993587;mole per hour;mol/h
L24;4993588;mole per kilogram kelvin;(mol/kg)/K
L25;4993589;mole per kilogram bar;(mol/kg)/bar
L26;4993590;mole per litre kelvin;(mol/l)/K
L27;4993591;mole per litre bar;(mol/l)/bar
L28;4993592;mole per cubic metre kelvin;(mol/m³)/K
L29;4993593;mole per cubic metre bar;(mol/m³)/bar
L30;4993840;mole per minute;mol/min
L31;4993841;milliroentgen aequivalent men;mrem
L32;4993842;nanogram per kilogram;ng/kg
L33;4993843;ounce (avoirdupois) per day;oz/d
L34;4993844;ounce (avoirdupois) per hour;oz/h
L35;4993845;ounce (avoirdupois) per minute;oz/min
L36;4993846;ounce (avoirdupois) per second;oz/s
L37;4993847;ounce (avoirdupois) per gallon (UK);oz/gal (UK)
L38;4993848;ounce (avoirdupois) per gallon (US);oz/gal (US)
L39;4993849;ounce (avoirdupois) per cubic inch;oz/in³
L40;4994096;ounce (avoirdupois)-force;ozf
L41;4994097;ounce (avoirdupois)-force inch;ozf·in
L42;4994098;picosiemens per metre;pS/m
L43;4994099;peck (UK);pk (UK)
L44;4994100;peck (UK) per day;pk (UK)/d
L45;4994101;peck (UK) per hour;pk (UK)/h
L46;4994102;peck (UK) per minute;pk (UK)/min
L47;4994103;peck (UK) per second;pk (UK)/s
L48;4994104;peck (US dry) per day;pk (US dry)/d
L49;4994105;peck (US dry) per hour;pk (US dry)/h
L50;4994352;peck (US dry) per minute;pk (US dry)/min
L51;4994353;peck (US dry) per second;pk (US dry)/s
L52;4994354;psi per psi;psi/psi
L53;4994355;pint (UK) per day;pt (UK)/d
L54;4994356;pint (UK) per hour;pt (UK)/h
L55;4994357;pint (UK) per minute;pt (UK)/min
L56;4994358;pint (UK) per second;pt (UK)/s
L57;4994359;pint (US liquid) per day;pt (US liq.)/d
L58;4994360;pint (US liquid) per hour;pt (US liq.)/h
L59;4994361;pint (US liquid) per minute;pt (US liq.)/min
L60;4994608;pint (US liquid) per second;pt (US liq.)/s
L63;4994611;slug per day;slug/d
L64;4994612;slug per foot second;slug/(ft·s)
L65;4994613;slug per cubic foot;slug/ft³
L66;4994614;slug per hour;slug/h
L67;4994615;slug per minute;slug/min
L68;4994616;slug per second;slug/s
L69;4994617;tonne per kelvin;t/K
L70;4994864;tonne per bar;t/bar
L71;4994865;tonne per day;t/d
L72;4994866;tonne per day kelvin;(t/d)/K
L73;4994867;tonne per day bar;(t/d)/bar
L74;4994868;tonne per hour kelvin;(t/h)/K
L75;4994869;tonne per hour bar;(t/h)/bar
L76;4994870;tonne per cubic metre kelvin;(t/m³)/K
L77;4994871;tonne per cubic metre bar;(t/m³)/bar
L78;4994872;tonne per minute;t/min
L79;4994873;tonne per minute kelvin;(t/min)/K
L80;4995120;tonne per minute bar;(t/min)/bar
L81;4995121;tonne per second;t/s
L82;4995122;tonne per second kelvin;(t/s)/K
L83;4995123;tonne per second bar;(t/s)/bar
L84;4995124;ton (UK shipping);British shipping ton
L85;4995125;ton long per day;ton (UK)/d
L86;4995126;ton (US shipping);(US) shipping ton
L87;4995127;ton short per degree Fahrenheit;ton (US)/°F
L88;4995128;ton short per day;ton (US)/d
L89;4995129;ton short per hour degree Fahrenheit;ton (US)/(h·°F)
L90;4995376;ton short per hour psi;(ton (US)/h)/psi
L91;4995377;ton short per psi;ton (US)/psi
L92;4995378;ton (UK long) per cubic yard;ton.l/yd³ (UK)
L93;4995379;ton (US short) per cubic yard;ton.s/yd³ (US)
L94;4995380;ton-force (US short);ton.sh-force
L95;4995381;common year;y (365 days)
L96;4995382;sidereal year;y (sidereal)
L98;4995384;yard per degree Fahrenheit;yd/°F
L99;4995385;yard per psi;yd/psi
LA;19521;pound per cubic inch;lb/in³
LAC;4997443;lactose excess percentage;
LBR;4997714;pound;lb
LBT;4997716;troy pound (US);
LD;19524;litre per day;l/d
LEF;4998470;leaf;
LF;19526;linear foot;
LH;19528;labour hour;
LK;19531;link;
LM;19533;linear metre;
LN;19534;length;
LO;19535;lot  [unit of procurement];
LP;19536;liquid pound;
LPA;5001281;litre of pure alcohol;
LR;19538;layer;
LS;19539;lump sum;
LTN;5002318;ton (UK) or long ton (US);ton (UK)
LTR;5002322;litre;l
LUB;5002562;metric ton, lubricating oil;
LUM;5002573;lumen;lm
LUX;5002584;lux;lx
LY;19545;linear yard;
M1;19761;milligram per litre;mg/l
M10;5058864;reciprocal cubic yard;1/yd³
M11;5058865;cubic yard per degree Fahrenheit;yd³/°F
M12;5058866;cubic yard per day;yd³/d
M13;5058867;cubic yard per hour;yd³/h
M14;5058868;cubic yard per psi;yd³/psi
M15;5058869;cubic yard per minute;yd³/min
M16;5058870;cubic yard per second;yd³/s
M17;5058871;kilohertz metre;kHz·m
M18;5058872;gigahertz metre;GHz·m
M19;5058873;Beaufort;Bft
M20;5059120;reciprocal megakelvin or megakelvin to the power minus one;1/MK
M21;5059121;reciprocal kilovolt - ampere reciprocal hour;1/kVAh
M22;5059122;millilitre per square centimetre minute;(ml/min)/cm²
M23;5059123;newton per centimetre;N/cm
M24;5059124;ohm kilometre;?·km
M25;5059125;percent per degree Celsius;%/°C
M26;5059126;gigaohm per metre;G?/m
M27;5059127;megahertz metre;MHz·m
M29;5059129;kilogram per kilogram;kg/kg
M30;5059376;reciprocal volt - ampere reciprocal second;1/(V·A·s)
M31;5059377;kilogram per kilometre;kg/km
M32;5059378;pascal second per litre;Pa·s/l
M33;5059379;millimole per litre;mmol/l
M34;5059380;newton metre per square metre;N·m/m²
M35;5059381;millivolt - ampere;mV·A
M36;5059382;30-day month;mo (30 days)
M37;5059383;actual/360;y (360 days)
M38;5059384;kilometre per second squared;km/s²
M39;5059385;centimetre per second squared;cm/s²
M4;19764;monetary value;
M40;5059632;yard per second squared;yd/s²
M41;5059633;millimetre per second squared;mm/s²
M42;5059634;mile (statute mile) per second squared;mi/s²
M43;5059635;mil;mil
M44;5059636;revolution;rev
M45;5059637;degree [unit of angle] per second squared;°/s²
M46;5059638;revolution per minute ;r/min
M47;5059639;circular mil ;cmil
M48;5059640;square mile (based on U.S. survey foot) ;mi² (US survey)
M49;5059641;chain (based on U.S. survey foot);ch (US survey) 
M5;19765;microcurie;µCi
M50;5059888;furlong;fur
M51;5059889;foot (U.S. survey) ;ft (US survey) 
M52;5059890;mile (based on U.S. survey foot) ;mi (US survey) 
M53;5059891;metre per pascal;m/Pa
M55;5059893;metre per radiant;m/rad
M56;5059894;shake;shake
M57;5059895;mile per minute ;mi/min
M58;5059896;mile per second ;mi/s
M59;5059897;metre per second pascal;(m/s)/Pa
M60;5060144;metre per hour;m/h
M61;5060145;inch per year;in/y
M62;5060146;kilometre per second ;km/s
M63;5060147;inch per minute;in/min
M64;5060148;yard per second;yd/s
M65;5060149;yard per minute;yd/min
M66;5060150;yard per hour;yd/h
M67;5060151;acre-foot (based on U.S. survey foot);acre-ft (US survey)
M68;5060152;cord (128 ft3);cord
M69;5060153;cubic mile (UK statute);mi³
M7;19767;micro-inch;µin
M70;5060400;ton, register ;RT
M71;5060401;cubic metre per pascal;m³/Pa
M72;5060402;bel;B
M73;5060403;kilogram per cubic metre pascal;(kg/m³)/Pa
M74;5060404;kilogram per pascal;kg/Pa
M75;5060405;kilopound-force;kip
M76;5060406;poundal;pdl
M77;5060407;kilogram metre per second squared;kg·m/s²
M78;5060408;pond;p
M79;5060409;square foot per hour ;ft²/h
M80;5060656;stokes per pascal;St/Pa
M81;5060657;square centimetre per second;cm²/s
M82;5060658;square metre per second pascal;(m²/s)/Pa
M83;5060659;denier ;den
M84;5060660;pound per yard ;lb/yd
M85;5060661;ton, assay;
M86;5060662;pfund;pfd
M87;5060663;kilogram per second pascal;(kg/s)/Pa
M88;5060664;tonne per month;t/mo
M89;5060665;tonne per year;t/y
M9;19769;million Btu per 1000 cubic foot;MBTU/kft³
M90;5060912;kilopound per hour;klb/h
M91;5060913;pound per pound;lb/lb
M92;5060914;pound-force foot;lbf·ft
M93;5060915;newton metre per radian;N·m/rad
M94;5060916;kilogram metre;kg·m
M95;5060917;poundal foot;pdl·ft
M96;5060918;poundal inch;pdl·in
M97;5060919;dyne metre;dyn·m
M98;5060920;kilogram centimetre per second;kg·(cm/s)
M99;5060921;gram centimetre per second;g·(cm/s)
MAH;5062984;megavolt ampere reactive hour;Mvar·h
MAL;5062988;megalitre;Ml
MAM;5062989;megametre;Mm
MAR;5062994;megavar;kvar
MAW;5062999;megawatt;MW
MBE;5063237;thousand standard brick equivalent;
MBF;5063238;thousand board foot;
MBR;5063250;millibar;mbar
MC;19779;microgram;µg
MCU;5063509;millicurie;mCi
MD;19780;air dry metric ton;
MGM;5064525;milligram;mg
MHZ;5064794;megahertz;MHz
MIK;5065035;square mile (statute mile);mi²
MIL;5065036;thousand;
MIN;5065038;minute [unit of time];min
MIO;5065039;million;
MIU;5065045;million international unit;
MLD;5065796;milliard;
MLT;5065812;millilitre;ml
MMK;5066059;square millimetre;mm²
MMQ;5066065;cubic millimetre;mm³
MMT;5066068;millimetre;mm
MND;5066308;kilogram, dry weight;
MON;5066574;month;mo
MPA;5066817;megapascal;MPa
MQH;5067080;cubic metre per hour;m³/h
MQS;5067091;cubic metre per second;m³/s
MSK;5067595;metre per second squared;m/s²
MTK;5067851;square metre;m²
MTQ;5067857;cubic metre;m³
MTR;5067858;metre;m
MTS;5067859;metre per second;m/s
MVA;5068353;megavolt - ampere;MV·A
MWH;5068616;megawatt hour (1000 kW.h);MW·h
N1;20017;pen calorie;
N10;5124400;pound foot per second;lb·(ft/s)
N11;5124401;pound inch per second;lb·(in/s)
N12;5124402;Pferdestaerke;PS
N13;5124403;centimetre of mercury (0 ºC);cmHg (0 ºC)
N14;5124404;centimetre of water (4 ºC);cmH?O (4 °C)
N15;5124405;foot of water (39.2 ºF);ftH?O (39,2 ºF)
N16;5124406;inch of mercury (32 ºF);inHG (32 ºF)
N17;5124407;inch of mercury (60 ºF);inHg (60 ºF)
N18;5124408;inch of water (39.2 ºF);inH?O (39,2 ºF)
N19;5124409;inch of water (60 ºF);inH?O (60 ºF)
N20;5124656;kip per square inch;ksi
N21;5124657;poundal per square foot ;pdl/ft²
N22;5124658;ounce (avoirdupois) per square inch ;oz/in²
N23;5124659;conventional metre of water;mH?O
N24;5124660;gram per square millimetre;g/mm²
N25;5124661;pound per square yard;lb/yd²
N26;5124662;poundal per square inch;pdl/in²
N27;5124663;foot to the fourth power ;ft?
N28;5124664;cubic decimetre per kilogram;dm³/kg
N29;5124665;cubic foot per pound;ft³/lb
N3;20019;print point;
N30;5124912;cubic inch per pound;in³/lb
N31;5124913;kilonewton per metre;kN/m
N32;5124914;poundal per inch;pdl/in
N33;5124915;pound-force per yard;lbf/yd
N34;5124916;poundal second per square foot ;(pdl/ft²)·s
N35;5124917;poise per pascal;P/Pa
N36;5124918;newton second per square metre;(N/m²)·s
N37;5124919;kilogram per metre second;kg/(m·s)
N38;5124920;kilogram per metre minute;kg/(m·min)
N39;5124921;kilogram per metre day;kg/(m·d)
N40;5125168;kilogram per metre hour;kg/(m·h)
N41;5125169;gram per centimetre second;g/(cm·s)
N42;5125170;poundal second per square inch;(pdl/in²)·s
N43;5125171;pound per foot minute;lb/(ft·min)
N44;5125172;pound per foot day;lb/(ft·d)
N45;5125173;cubic metre per second pascal;(m³/s)/Pa
N46;5125174;foot poundal;ft·pdl
N47;5125175;inch poundal;in·pdl
N48;5125176;watt per square centimetre ;W/cm²
N49;5125177;watt per square inch ;W/in²
N50;5125424;British thermal unit (international table) per square foot hour;BtuIT/(ft²·h)
N51;5125425;British thermal unit (thermochemical) per square foot hour;Btuth/(ft²·h)
N52;5125426;British thermal unit (thermochemical) per square foot minute;Btuth/(ft²·min) 
N53;5125427;British thermal unit (international table) per square foot second;BtuIT/(ft²·s)
N54;5125428;British thermal unit (thermochemical) per square foot second;Btuth/(ft²·s)
N55;5125429;British thermal unit (international table) per square inch second;BtuIT/(in²·s)
N56;5125430;calorie (thermochemical) per square centimetre minute;calth/(cm²·min)
N57;5125431;calorie (thermochemical) per square centimetre second;calth/(cm²·s)
N58;5125432;British thermal unit (international table) per cubic foot ;BtuIT/ft³
N59;5125433;British thermal unit (thermochemical) per cubic foot;Btuth/ft³
N60;5125680;British thermal unit (international table) per degree Fahrenheit;BtuIT/ºF
N61;5125681;British thermal unit (thermochemical) per degree Fahrenheit;Btuth/ºF
N62;5125682;British thermal unit (international table) per degree Rankine;BtuIT/ºR
N63;5125683;British thermal unit (thermochemical) per degree Rankine;Btuth/ºR
N64;5125684;British thermal unit (thermochemical) per pound degree Rankine;(Btuth/°R)/lb
N65;5125685;kilocalorie (international table) per gram kelvin;(kcalIT/K)/g
N66;5125686;British thermal unit (39 ºF) ;Btu (39 ºF) 
N67;5125687;British thermal unit (59 ºF);Btu (59 ºF)
N68;5125688;British thermal unit (60 ºF) ;Btu (60 ºF) 
N69;5125689;calorie (20 ºC) ;cal??
N70;5125936;quad (1015 BtuIT);quad
N71;5125937;therm (EC);thm (EC)
N72;5125938;therm (U.S.);thm (US)
N73;5125939;British thermal unit (thermochemical) per pound;Btuth/lb
N74;5125940;British thermal unit (international table) per hour square foot degree Fahrenheit;BtuIT/(h·ft²·ºF)
N75;5125941;British thermal unit (thermochemical) per hour square foot degree Fahrenheit;Btuth/(h·ft²·ºF)
N76;5125942;British thermal unit (international table) per second square foot degree Fahrenheit;BtuIT/(s·ft²·ºF)
N77;5125943;British thermal unit (thermochemical) per second square foot degree Fahrenheit;Btuth/(s·ft²·ºF) 
N78;5125944;kilowatt per square metre kelvin;kW/(m²·K)
N79;5125945;kelvin per pascal;K/Pa
N80;5126192;watt per metre degree Celsius;W/(m·°C)
N81;5126193;kilowatt per metre kelvin;kW/(m·K)
N82;5126194;kilowatt per metre degree Celsius;kW/(m·°C)
N83;5126195;metre per degree Celcius metre;m/(°C·m)
N84;5126196;degree Fahrenheit hour per British thermal unit (international table);ºF/(BtuIT/h)
N85;5126197;degree Fahrenheit hour per British thermal unit (thermochemical);ºF/(Btuth/h)
N86;5126198;degree Fahrenheit second per British thermal unit (international table);ºF/(BtuIT/s)
N87;5126199;degree Fahrenheit second per British thermal unit (thermochemical);ºF/(Btuth/s)
N88;5126200;degree Fahrenheit hour square foot per British thermal unit (international table) inch;ºF·h·ft²/(BtuIT·in)
N89;5126201;degree Fahrenheit hour square foot per British thermal unit (thermochemical) inch;ºF·h·ft²/(Btuth·in)
N90;5126448;kilofarad;kF
N91;5126449;reciprocal joule;1/J
N92;5126450;picosiemens;pS
N93;5126451;ampere per pascal;A/Pa
N94;5126452;franklin;Fr
N95;5126453;ampere minute;A·min
N96;5126454;biot;Bi
N97;5126455;gilbert;Gi
N98;5126456;volt per pascal;V/Pa
N99;5126457;picovolt;pV
NA;20033;milligram per kilogram;mg/kg
NAR;5128530;number of articles;
NCL;5129036;number of cells;
NEW;5129559;newton;N
NF;20038;message;
NIL;5130572;nil;()
NIU;5130581;number of international units;
NL;20044;load;
NMI;5131593;nautical mile;n mile
NMP;5131600;number of packs;
NPR;5132370;number of pairs;
NPT;5132372;number of parts;
NQ;20049;mho;
NR;20050;micromho;
NT;20052;net ton;
NTT;5133396;net register ton;
NU;20053;newton metre;N·m
NX;20056;part per thousand;‰
OA;20289;panel;
ODE;5194821;ozone depletion equivalent;
OHM;5195853;ohm;?
ON;20302;ounce per square yard;oz/yd²
ONZ;5197402;ounce (avoirdupois);oz
OT;20308;overtime hour;
OZ;20314;ounce av;
OZA;5200449;fluid ounce (US);fl oz (US)
OZI;5200457;fluid ounce (UK);fl oz (UK)
P1;20529;percent;%
P10;5255472;coulomb per metre;C/m
P11;5255473;kiloweber;kWb
P12;5255474;gamma;?
P13;5255475;kilotesla;kT
P14;5255476;joule per second;J/s
P15;5255477;joule per minute;J/min
P16;5255478;joule per hour;J/h
P17;5255479;joule per day;J/d
P18;5255480;kilojoule per second;kJ/s
P19;5255481;kilojoule per minute;kJ/min
P2;20530;pound per foot;lb/ft
P20;5255728;kilojoule per hour;kJ/h
P21;5255729;kilojoule per day;kJ/d
P22;5255730;nanoohm;n?
P23;5255731;ohm circular-mil per foot ;?·cmil/ft 
P24;5255732;kilohenry;kH
P25;5255733;lumen per square foot ;lm/ft²
P26;5255734;phot;ph
P27;5255735;footcandle;ftc
P28;5255736;candela per square inch ;cd/in²
P29;5255737;footlambert;ftL
P30;5255984;lambert;Lb
P31;5255985;stilb;sb
P32;5255986;candela per square foot;cd/ft²
P33;5255987;kilocandela;kcd
P34;5255988;millicandela;mcd
P35;5255989;Hefner-Kerze;HK
P36;5255990;international candle ;IK
P37;5255991;British thermal unit (international table) per square foot;BtuIT/ft²
P38;5255992;British thermal unit (thermochemical) per square foot;Btuth/ft²
P39;5255993;calorie (thermochemical) per square centimetre ;calth/cm²
P40;5256240;langley;Ly
P41;5256241;decade (logarithmic);dec
P42;5256242;pascal squared second;Pa²·s
P43;5256243;bel per metre;B/m
P44;5256244;pound mole;lbmol
P45;5256245;pound mole per second;lbmol/s
P46;5256246;pound mole per minute;lbmol/h
P47;5256247;kilomole per kilogram;kmol/kg
P48;5256248;pound mole per pound;lbmol/lb
P49;5256249;newton square metre per ampere;N·m²/A
P5;20533;five pack;
P50;5256496;weber metre;Wb·m
P51;5256497;mol per kilogram pascal;(mol/kg)/Pa
P52;5256498;mol per cubic metre pascal;(mol/m³)/Pa
P53;5256499;unit pole ;unit pole 
P54;5256500;milligray per second;mGy/s
P55;5256501;microgray per second;µGy/s
P56;5256502;nanogray per second;nGy/s
P57;5256503;gray per minute;Gy/min
P58;5256504;milligray per minute;mGy/min
P59;5256505;microgray per minute;µGy/min
P60;5256752;nanogray per minute;nGy/min
P61;5256753;gray per hour;Gy/h
P62;5256754;milligray per hour;mGy/h
P63;5256755;microgray per hour;µGy/h
P64;5256756;nanogray per hour;nGy/h
P65;5256757;sievert per second;Sv/s
P66;5256758;millisievert per second;mSv/s
P67;5256759;microsievert per second;µSv/s
P68;5256760;nanosievert per second;nSv/s
P69;5256761;rem per second;rem/s
P70;5257008;sievert per hour;Sv/h
P71;5257009;millisievert per hour;mSv/h
P72;5257010;microsievert per hour;µSv/h
P73;5257011;nanosievert per hour;nSv/h
P74;5257012;sievert per minute;Sv/min
P75;5257013;millisievert per minute;mSv/min
P76;5257014;microsievert per minute;µSv/min
P77;5257015;nanosievert per minute;nSv/min
P78;5257016;reciprocal square inch;1/in²
P79;5257017;pascal square metre per kilogram;Pa/(kg/m²)
P80;5257264;millipascal per metre;mPa/m
P81;5257265;kilopascal per metre;kPa/m
P82;5257266;hectopascal per metre;hPa/m
P83;5257267;standard atmosphere per metre;Atm/m
P84;5257268;technical atmosphere per metre;at/m
P85;5257269;torr per metre;Torr/m
P86;5257270;psi per inch;psi/in
P87;5257271;cubic metre per second square metre;(m³/s)/m²
P88;5257272;rhe;rhe
P89;5257273;pound-force foot per inch;lbf·ft/in
P90;5257520;pound-force inch per inch ;lbf·in/in
P91;5257521;perm (0 ºC) ;perm (0 ºC) 
P92;5257522;perm (23 ºC) ;perm (23 ºC) 
P93;5257523;byte per second;byte/s
P94;5257524;kilobyte per second;kbyte/s
P95;5257525;megabyte per second;Mbyte/s
P96;5257526;reciprocal volt;1/V
P97;5257527;reciprocal radian;1/rad
P98;5257528;pascal to the power sum of stoichiometric numbers;Pa??B
P99;5257529;mole per cubiv metre to the power sum of stoichiometric numbers;(mol/m³)??B
PAL;5259596;pascal;Pa
PD;20548;pad;
PFL;5260876;proof litre;
PGL;5261132;proof gallon;
PI;20553;pitch;
PLA;5262401;degree Plato;°P
PO;20559;pound per inch of length;lb/in
PQ;20561;page per inch;ppi
PR;20562;pair;
PS;20563;pound-force per square inch;lbf/in²
PT;20564;pint (US);pt (US)
PTD;5264452;dry pint (US);dry pt (US)
PTI;5264457;pint (UK);pt (UK)
PTL;5264460;liquid pint (US);liq pt (US)
Q10;5321008;joule per tesla;J/T
Q11;5321009;erlang;E
Q12;5321010;octet;o
Q13;5321011;octet per second;o/s
Q14;5321012;shannon;Sh
Q15;5321013;hartley;Hart
Q16;5321014;natural unit of information;nat
Q17;5321015;shannon per second;Sh/s
Q18;5321016;hartley per second;Hart/s
Q19;5321017;natural unit of information per second;nat/s
Q20;5321264;second per kilogramm;s/kg
Q21;5321265;watt square metre;W·m²
Q22;5321266;second per radian cubic metre;1/(Hz·rad·m³)
Q23;5321267;weber to the power minus one;1/Wb
Q24;5321268;reciprocal inch;1/in
Q25;5321269;dioptre;dpt
Q26;5321270;one per one;01. Jan
Q27;5321271;newton metre per metre;N·m/m²
Q28;5321272;kilogram per square metre pascal second;kg/(m²·Pa·s)
Q29;5321273;microgram per hectogram;µg/hg
Q3;20787;meal;
Q30;5321520;pH (potential of Hydrogen);pH
QA;20801;page - facsimile;
QAN;5325134;quarter (of a year);
QB;20802;page - hardcopy;
QR;20818;quire;qr
QT;20820;quart (US);qt (US)
QTD;5329988;dry quart (US);dry qt (US)
QTI;5329993;quart (UK);qt (UK)
QTL;5329996;liquid quart (US);liq qt (US)
QTR;5330002;quarter (UK);Qr (UK)
R1;21041;pica;
R9;21049;thousand cubic metre;
RH;21064;running or operating hour;
RM;21069;ream;
ROM;5394253;room;
RP;21072;pound per ream;
RPM;5394509;revolutions per minute;r/min
RPS;5394515;revolutions per second;r/s
RT;21076;revenue ton mile;
S3;21299;square foot per second;ft²/s
S4;21300;square metre per second;m²/s
SAN;5456206;half year (6 months);
SCO;5456719;score;
SCR;5456722;scruple;
SEC;5457219;second [unit of time];s
SET;5457236;set;
SG;21319;segment;
SHT;5458004;shipping ton;
SIE;5458245;siemens;S
SMI;5459273;mile (statute mile);mile
SQ;21329;square;
SQR;5460306;square, roofing;
SR;21330;strip;
STC;5461059;stick;
STI;5461065;stone (UK);st
STK;5461067;stick, cigarette;
STL;5461068;standard litre;
STN;5461070;ton (US) or short ton (UK/US);ton (US)
STW;5461079;straw;
SW;21335;skein;
SX;21336;shipment;
SYR;5462354;syringe;
T0;21552;telecommunication line in service;
T3;21555;thousand piece;
TAH;5521736;kiloampere hour (thousand ampere hour);kA·h
TAN;5521742;total acid number;TAN
TI;21577;thousand square inch;
TIC;5523779;metric ton, including container;
TIP;5523792;metric ton, including inner packaging;
TKM;5524301;tonne kilometre;t·km
TMS;5524819;kilogram of imported meat, less offal;
TNE;5525061;tonne (metric ton);t
TP;21584;ten pack;
TPR;5525586;ten pair;
TQD;5525828;thousand cubic metre per day;km³/d
TRL;5526092;trillion (EUR);
TST;5526356;ten set;
TTS;5526611;ten thousand sticks;
U1;21809;treatment;
U2;21810;tablet;
UA;21825;torr;Torr
UB;21826;telecommunication line in service average;
UC;21827;telecommunication port;
VA;22081;volt - ampere per kilogram;V·A / kg
VLT;5655636;volt;V
VP;22096;percent volume;
W2;22322;wet kilo;
WA;22337;watt per kilogram;W/kg
WB;22338;wet pound;
WCD;5718852;cord;
WE;22341;wet ton;
WEB;5719362;weber;Wb
WEE;5719365;week;wk
WG;22343;wine gallon;
WHR;5720146;watt hour;W·h
WM;22349;working month;
WSD;5722948;standard;std
WTT;5723220;watt;W
WW;22359;millilitre of water;
X1;22577;Gunter's chain;ch (UK)
YDK;5850187;square yard;yd²
YDQ;5850193;cubic yard;yd³
YRD;5853764;yard;yd
Z11;5910833;hanging container;
ZP;23120;page;
;;;
;;;
